"Age","Gender","Industry","ExperienceYears","DistanceFromCompany","InterviewScore","SkillScore","IsEmployed"
26,"Female","Technology",0,26.7838275538537,48,78,"Yes"
39,"Female","Technology",12,25.8626943295439,35,68,"Yes"
48,"Male","Technology",3,9.92080482817479,20,67,"No"
34,"Female","Technology",5,6.40775072866784,36,27,"No"
30,"Male","Technology",6,43.1053431241756,23,52,"No"
27,"Male","Technology",14,31.7066588093759,54,50,"Yes"
48,"Male","Technology",6,17.2912292009724,24,52,"No"
40,"Male","Technology",13,10.5868108695133,6,3,"No"
26,"Female","Technology",6,28.7748640084816,80,78,"Yes"
45,"Female","Technology",2,30.1959644630568,92,16,"No"
38,"Female","Technology",15,11.3496800622529,93,66,"No"
42,"Male","Technology",5,43.5702873945737,70,73,"No"
30,"Male","Technology",12,5.21321830779255,96,46,"Yes"
30,"Male","Technology",7,18.8046542583211,70,55,"No"
43,"Female","Technology",3,35.0192206881261,23,22,"No"
40,"Male","Technology",12,14.70601819096,10,17,"No"
23,"Female","Technology",7,42.3837597390636,72,0,"No"
27,"Female","Technology",1,37.9933913300202,11,34,"No"
43,"Female","Technology",14,40.4511422274067,34,63,"No"
22,"Female","Technology",9,6.95532679383581,62,57,"No"
41,"Female","Technology",8,8.02735639977715,67,94,"No"
40,"Female","Technology",8,15.3236868872292,99,58,"Yes"
21,"Male","Technology",7,26.9038582598781,91,0,"No"
43,"Male","Technology",9,38.4008038349701,56,2,"No"
31,"Female","Technology",13,42.8265445380452,12,66,"No"
49,"Female","Technology",12,36.216765797859,22,36,"Yes"
25,"Male","Technology",9,47.4298440765319,82,82,"No"
21,"Female","Technology",0,37.9371754807965,100,28,"No"
47,"Female","Technology",1,16.3133943502307,38,88,"No"
40,"Male","Technology",5,14.2540642169286,87,32,"No"
20,"Female","Technology",9,35.8096225150545,79,99,"No"
31,"Female","Technology",4,10.6435284344807,96,60,"No"
45,"Female","Technology",11,5.63574054051349,11,92,"Yes"
41,"Male","Technology",13,27.6111437428097,33,89,"Yes"
48,"Male","Technology",8,42.0820784889478,70,3,"No"
31,"Male","Technology",4,6.06899212349318,74,13,"No"
44,"Female","Technology",1,40.5945661897865,30,90,"No"
36,"Female","Technology",9,41.5786002175774,92,32,"Yes"
46,"Male","Technology",3,25.1137000040772,61,21,"Yes"
46,"Female","Technology",8,3.86551550052434,12,47,"No"
50,"Female","Technology",0,9.72949256235932,30,2,"No"
29,"Female","Technology",10,36.3713137580966,1,86,"Yes"
47,"Female","Technology",0,36.5888972495475,14,84,"No"
47,"Female","Technology",11,45.9177637583833,56,22,"No"
35,"Male","Technology",6,30.1343073277291,74,67,"Yes"
34,"Female","Technology",10,7.20536838568887,33,20,"Yes"
49,"Male","Technology",2,7.07074527524861,67,100,"No"
49,"Female","Technology",9,37.0566178678412,74,42,"No"
34,"Male","Technology",1,10.1892332553951,28,94,"No"
2.4,"Female","Technology",8,17.4192749808303,65,84,"No"
38,"Male","Technology",2,25.3606003460957,15,25,"No"
31,"Female","Technology",15,2.23824387880756,38,40,"No"
42,"Male","Technology",1,13.4409513509966,76,98,"No"
39,"Female","Technology",11,21.394480425364,36,37,"Yes"
44,"Male","Technology",7,14.9818159246603,80,87,"Yes"
22,"Female","Technology",9,7.81851637337829,20,10,"No"
24,"Male","Technology",5,37.4006128898099,43,28,"No"
38,"Male","Technology",5,41.6573827583992,18,59,"No"
26,"Female","Technology",9,13.8739488071862,70,66,"No"
40,"Female","Technology",10,39.7209747303152,7,64,"Yes"
28,"Male","Technology",6,20.2776782200657,76,60,"Yes"
26,"Female","Technology",6,26.3342895427001,100,18,"Yes"
37,"Male","Technology",10,43.8000537446576,65,45,"No"
23,"Male","Technology",12,38.4976840901204,40,48,"No"
44,"Male","Technology",14,41.2558425658089,74,21,"No"
47,"Female","Technology",5,7.84225832931784,87,77,"Yes"
33,"Male","Technology",3,4.48597129168647,69,56,"No"
37,"Male","Technology",10,45.6702364543994,60,13,"No"
45,"Female","Technology",8,20.3917134785547,25,43,"No"
28,"Female","Technology",5,15.393983903484,70,15,"No"
45,"Female","Technology",3,37.2348127130912,82,96,"Yes"
40,"Female","Technology",11,42.8207798289928,69,76,"No"
21,"Male","Technology",2,44.124481094915,28,11,"No"
39,"Male","Technology",3,16.7998570562614,65,54,"No"
47,"Male","Technology",2,43.6106195600837,18,50,"No"
34,"Male","Technology",14,3.04669721871727,67,38,"Yes"
47,"Female","Technology",1,3.48307457298594,57,32,"No"
26,"Male","Technology",13,32.1759597587077,69,32,"No"
31,"Male","Technology",4,4.15531845577731,56,28,"No"
48,"Female","Technology",1,17.2304584255081,36,68,"No"
27,"Male","Technology",5,34.6377993123462,60,69,"No"
34,"Male","Technology",2,17.8633448027113,91,30,"Yes"
22,"Male","Technology",5,9.9799890720048,29,79,"No"
33,"Male","Technology",14,15.0675310926921,70,30,"No"
36,"Male","Technology",10,23.8787666125216,72,88,"Yes"
23,"Male","Technology",9,24.7692927677741,24,45,"Yes"
37,"Female","Technology",8,40.1500115673601,96,96,"Yes"
27,"Female","Technology",0,38.5076614715756,64,76,"No"
23,"Male","Technology",15,23.8408902278068,5,51,"Yes"
21,"Male","Technology",15,43.2833674549386,17,9,"No"
49,"Female","Technology",5,6.71185692956979,9,87,"Yes"
25,"Male","Technology",8,13.7676675114451,91,73,"No"
41,"Male","Technology",10,42.3988231751126,10,40,"Yes"
29,"Male","Technology",3,19.8997019313077,96,94,"Yes"
23,"Female","Technology",10,50.0590779396921,64,76,"No"
41,"Male","Technology",11,24.3126640763918,76,2,"No"
48,"Female","Technology",1,40.5967811481882,100,58,"No"
50,"Male","Technology",12,21.1153520691186,83,51,"Yes"
37,"Female","Technology",3,22.2476759531215,64,33,"No"
45,"Female","Technology",0,90.1040565215788,51,48,"No"
31,"Male","Technology",2,36.9537810255406,66,27,"No"
21,"Female","Technology",9,28.3758942029997,81,82,"Yes"
29,"Male","Technology",8,48.1889055684185,77,86,"No"
49,"Female","Technology",9,13.5445158267052,30,95,"No"
23,"Male","Technology",4,6.02813660417222,90,12,"No"
33,"Male","Technology",14,20.6630742549608,16,96,"Yes"
50,"Female","Technology",10,31.8356353823388,54,97,"No"
35,"Male","Technology",5,44.0399468457748,92,96,"No"
34,"Male","Technology",2,18.3098443340164,35,68,"No"
27,"Female","Technology",15,33.6893375562231,100,66,"Yes"
33,"Male","Technology",4,18.509934051161,25,60,"Yes"
42,"Male","Technology",10,31.8609791497229,52,59,"No"
47,"Female","Technology",7,45.2403973515325,16,70,"Yes"
44,"Female","Technology",5,12.5678821129705,85,23,"No"
49,"Male","Technology",3,21.212082105352,24,62,"No"
27,"Male","Technology",1,50.6632598214873,1,85,"Yes"
40,"Female","Technology",13,44.427851412473,85,60,"Yes"
35,"Female","Technology",8,29.2319928948101,4,22,"No"
32,"Male","Technology",12,26.8313795927138,3,29,"Yes"
37,"Female","Technology",11,15.2300191152341,35,59,"Yes"
34,"Male","Technology",0,26.8604713846765,5,17,"No"
40,"Male","Technology",0,43.4090749139974,20,95,"No"
43,"Male","Technology",12,35.258725663889,76,55,"No"
45,"Male","Technology",3,15.5022014088993,100,52,"Yes"
44,"Male","Technology",6,11.0731960526766,88,6,"No"
47,"Female","Technology",0,14.2604268498415,25,96,"No"
47,"Female","Technology",8,9.48796006964133,54,68,"No"
47,"Female","Technology",3,5.7820348011858,38,91,"No"
32,"Female","Technology",2,21.9568087221027,83,71,"Yes"
28,"Male","Technology",0,6.66498021991339,32,78,"Yes"
48,"Male","Technology",9,9.59562788635522,13,51,"No"
34,"Male","Technology",3,28.3662342169743,55,3,"No"
32,"Male","Technology",8,9.22996368497874,99,33,"Yes"
20,"Female","Technology",12,4.19398837154514,80,68,"Yes"
44,"Male","Technology",13,16.8694425013943,20,32,"No"
26,"Male","Technology",9,12.0159549310984,45,68,"Yes"
28,"Female","Technology",15,26.7652593997188,15,37,"No"
43,"Female","Technology",15,6.11835422916047,15,97,"No"
20,"Female","Technology",5,38.5885393841489,83,25,"No"
31,"Female","Technology",15,46.3116759717569,28,0,"No"
27,"Male","Technology",5,38.1717586978097,91,3,"No"
43,"Male","Technology",0,27.6413518700697,7,38,"No"
50,"Female","Technology",9,44.0333910894443,87,53,"No"
30,"Male","Technology",1,35.7459189890754,2,89,"No"
38,"Male","Technology",10,1.52755612250949,88,32,"No"
36,"Male","Technology",5,20.7045076387252,18,32,"No"
27,"Female","Technology",1,43.54759497034,96,71,"Yes"
22,"Male","Technology",2,18.2929428987635,65,19,"No"
22,"Female","Technology",3,2.76075867627618,78,15,"No"
20,"Male","Technology",10,38.3089819276136,85,20,"Yes"
46,"Male","Technology",4,41.1019135141434,73,44,"No"
24,"Male","Technology",14,9.02968475216543,81,89,"No"
29,"Female","Technology",8,27.8670248421591,21,86,"Yes"
26,"Male","Technology",11,10.5977719497863,45,81,"Yes"
45,"Female","Technology",14,36.9617209522073,90,61,"Yes"
28,"Female","Technology",14,14.5775227588743,12,30,"No"
47,"Female","Technology",3,16.8107561281665,32,41,"No"
26,"Male","Technology",12,43.2485426820051,4,11,"No"
28,"Male","Technology",10,24.8161176103452,89,64,"Yes"
27,"Male","Technology",8,34.4877225609124,76,72,"No"
31,"Male","Technology",10,21.1186525361234,26,2,"No"
21,"Female","Technology",9,15.9003428596878,77,89,"Yes"
20,"Female","Technology",2,32.2739030212331,23,8,"No"
35,"Female","Technology",7,8.74287870394106,66,50,"Yes"
42,"Male","Technology",11,19.6499917783431,62,15,"No"
42,"Female","Technology",0,11.4518518692961,93,87,"Yes"
49,"Male","Technology",10,35.7897483470373,98,77,"Yes"
43,"Female","Technology",8,48.2104419173054,47,2,"No"
24,"Male","Technology",8,50.7755484007933,62,97,"No"
22,"Male","Technology",9,23.5138405220795,77,96,"No"
31,"Female","Technology",1,13.6265194818222,11,23,"No"
27,"Female","Technology",3,23.1414685192162,27,72,"Yes"
41,"Female","Technology",12,43.3634704981362,43,12,"No"
46,"Female","Technology",7,11.300283927602,92,1,"Yes"
22,"Male","Technology",6,48.6047825826462,42,70,"No"
20,"Female","Technology",0,18.0932884399075,16,20,"No"
22,"Female","Technology",4,50.2901829725152,39,18,"No"
24,"Female","Technology",6,42.9304443766981,48,88,"Yes"
34,"Male","Finance",14,41.4285267073695,84,46,"Yes"
33,"Male","Technology",15,16.8952336886642,56,21,"No"
22,"Female","Technology",3,1.43886059739647,86,74,"No"
20,"Male","Technology",14,20.1066454412994,83,32,"Yes"
24,"Female","Technology",15,16.0904684831347,63,31,"No"
45,"Male","Technology",14,2.86984952043986,74,63,"No"
42,"Male","Technology",0,26.2682628252965,56,84,"No"
50,"Male","Technology",8,21.1515655641368,97,38,"No"
33,"Male","Technology",13,32.7278233870762,73,83,"Yes"
26,"Female","Technology",4,32.0593161097042,73,71,"Yes"
46,"Female","Technology",10,7.03733179483401,69,41,"Yes"
28,"Female","Technology",15,49.8482773063311,99,100,"Yes"
34,"Male","Technology",1,10.3465714720723,87,8,"Yes"
34,"Female","Technology",7,23.2637012382352,75,24,"No"
45,"Female","Technology",10,25.4058771716867,42,88,"Yes"
29,"Female","Technology",12,41.653139860706,22,96,"No"
47,"Male","Technology",1,5.96147980473234,26,1,"No"
32,"Male","Technology",2,22.4322139604266,57,18,"Yes"
38,"Male","Technology",13,32.4251085118102,36,19,"No"
50,"Female","Technology",9,11.7577810812028,5,92,"No"
26,"Female","Technology",0,32.3733949383036,64,69,"Yes"
36,"Female","Technology",10,120.138742028772,5,16,"No"
39,"Male","Technology",15,50.8759065586338,49,88,"Yes"
48,"Male","Technology",1,2.62255383953379,21,67,"No"
23,"Female","Technology",13,12.7794114122339,87,93,"No"
49,"Male","Technology",15,16.5153557895849,24,83,"No"
24,"Male","Technology",6,20.9563050222483,78,2,"Yes"
42,"Male","Technology",9,13.1128578792384,89,86,"Yes"
26,"Male","Technology",1,11.1743997277656,71,50,"No"
32,"Female","Technology",5,48.727692120875,50,81,"No"
34,"Male","Technology",14,46.9260801385259,87,25,"Yes"
30,"Male","Technology",2,3.34962505015587,47,55,"No"
48,"Male","Technology",3,17.9406510802424,69,99,"No"
23,"Male","Technology",10,21.2574276839203,98,63,"No"
32,"Female","Technology",14,12.9507267332972,64,7,"Yes"
26,"Female","Technology",12,32.4436448494088,59,80,"Yes"
46,"Male","Technology",7,33.0190373322121,45,94,"Yes"
38,"Male","Technology",13,43.5252114164299,35,36,"Yes"
41,"Male","Technology",2,38.0434634192609,57,96,"No"
47,"Male","Technology",9,28.1286663482978,75,26,"No"
21,"Male","Technology",5,33.679338502221,37,44,"No"
29,"Male","Technology",0,14.6994390771509,10,3,"No"
32,"Female","Technology",6,30.6528094983679,11,85,"Yes"
49,"Male","Technology",7,25.461362737496,41,89,"Yes"
44,"Female","Technology",10,7.66722336581852,38,95,"Yes"
40,"Female","Technology",13,13.1272138291485,70,87,"No"
25,"Male","Technology",7,15.5846725360793,10,98,"Yes"
47,"Female","Technology",2,47.2154783526279,35,36,"No"
47,"Female","Technology",13,12.5193319692945,51,95,"Yes"
31,"Female","Technology",9,15.4621951409834,30,70,"No"
31,"Female","Technology",0,19.4677065044716,32,32,"No"
39,"Female","Technology",8,34.1871369312694,12,30,"No"
49,"Female","Technology",12,6.91191962360703,17,54,"Yes"
49,"Male","Technology",5,48.6972606246888,40,11,"No"
30,"Female","Technology",10,44.2785610047382,57,10,"No"
45,"Female","Technology",8,29.8608036504475,55,87,"No"
42,"Female","Technology",6,34.7018933712478,23,71,"No"
47,"Male","Technology",0,1.8330235622108,72,31,"No"
44,"Female","Technology",11,17.9472387674224,30,56,"No"
26,"Male","Technology",11,40.7830115330721,54,37,"No"
49,"Female","Technology",0,4.87414868961929,9,59,"No"
20,"Male","Technology",5,15.115691710536,59,85,"No"
20,"Male","Technology",4,30.2648414167156,1,97,"No"
44,"Female","Technology",8,13.8206513849471,14,18,"No"
46,"Female","Technology",1,47.698898707226,2,83,"No"
49,"Male","Technology",7,7.55293154021452,42,55,"Yes"
44,"Female","Technology",10,40.8697178953889,30,13,"No"
39,"Male","Technology",4,26.3974345953204,69,32,"No"
32,"Male","Technology",1,38.5165387909978,66,9,"No"
28,"Male","Technology",12,16.5357664155724,55,79,"No"
22,"Male","Technology",9,26.7244801156019,62,63,"No"
26,"Male","Technology",10,43.8417674861588,74,63,"Yes"
25,"Female","Technology",10,24.3439049561552,14,61,"Yes"
27,"Male","Technology",11,18.9859930955135,91,67,"No"
46,"Male","Technology",5,27.8077693126368,9,90,"No"
28,"Female","Technology",9,36.8681376518183,37,91,"Yes"
49,"Male","Technology",7,23.1781672749251,46,42,"No"
24,"Female","Technology",3,47.9438487571136,56,79,"No"
20,"Female","Technology",1,15.7472912021171,49,58,"No"
38,"Female","Technology",11,24.773180308456,70,51,"Yes"
29,"Male","Technology",10,38.8463829670721,14,96,"Yes"
31,"Male","Technology",4,35.4560545247879,17,18,"No"
43,"Male","Technology",14,44.1820526208578,81,20,"No"
34,"Female","Technology",11,50.8404590340554,87,21,"No"
46,"Male","Technology",1,22.3429164397545,1,8,"No"
41,"Female","Technology",1,6.55754398916559,83,8,"Yes"
43,"Male","Technology",14,2.5207940403984,97,72,"Yes"
28,"Female","Technology",5,37.3438453069886,42,26,"No"
39,"Male","Technology",15,44.7006835654358,25,16,"No"
36,"Male","Technology",10,12.0356292972209,70,43,"No"
49,"Male","Technology",9,8.9224018594953,37,44,"No"
36,"Female","Technology",8,4.11025457628455,93,7,"Yes"
45,"Female","Technology",12,42.1351460858603,41,79,"No"
39,"Male","Technology",3,16.5690969946292,4,17,"No"
31,"Male","Technology",5,21.0848446379888,10,32,"No"
49,"Female","Technology",15,26.1375095804806,64,0,"No"
26,"Female","Technology",6,42.9726617104775,33,75,"No"
21,"Female","Technology",12,33.5416610780742,0,5,"No"
22,"Male","Technology",10,31.7532314928906,82,40,"No"
36,"Female","Technology",5,9.78360499779554,1,54,"Yes"
24,"Male","Technology",7,26.6594945854915,84,4,"Yes"
36,"Female","Technology",3,36.7690508589328,19,58,"Yes"
43,"Male","Technology",11,49.6630441515246,60,79,"Yes"
36,"Female","Technology",14,11.0703154606676,86,17,"No"
46,"Female","Technology",0,1.47716765336133,20,48,"No"
36,"Female","Technology",6,4.76507167992349,87,81,"Yes"
21,"Female","Technology",2,19.792623259099,67,64,"No"
21,"Female","Technology",13,42.0272323872994,11,82,"No"
47,"Male","Technology",5,1.35710408841225,21,53,"No"
41,"Female","Technology",1,23.836529644292,19,60,"No"
42,"Female","Technology",8,17.4615307670697,81,7,"Yes"
24,"Female","Technology",0,3.62408550498638,0,2,"No"
20,"Male","Technology",5,23.5118143336309,29,24,"No"
20,"Female","Technology",5,13.7374353668359,96,68,"No"
38,"Male","Technology",4,18.5942417173503,23,54,"No"
49,"Female","Technology",15,36.2807652392147,13,39,"No"
21,"Female","Technology",12,27.0775491955484,35,82,"No"
40,"Male","Technology",4,7.23237144964067,68,81,"No"
31,"Female","Technology",0,49.070727021182,74,49,"No"
45,"Male","Technology",9,32.7955382854869,23,94,"Yes"
25,"Male","Technology",11,39.2934212831266,59,32,"Yes"
42,"Female","Technology",4,4.96065750041854,94,17,"No"
23,"Male","Technology",1,3.35291897300094,54,56,"No"
42,"Female","Technology",6,1.97240251840406,76,15,"Yes"
30,"Female","Technology",2,10.4397013886722,79,79,"No"
43,"Male","Technology",12,21.7204198859248,23,37,"No"
46,"Male","Technology",14,47.7913066701411,76,40,"No"
36,"Male","Technology",3,23.8529829632888,23,6,"No"
50,"Male","Technology",2,15.5127552686265,53,77,"No"
25,"Female","Technology",2,29.0967626759832,25,52,"No"
43,"Female","Technology",3,6.59672890673946,65,62,"No"
24,"Male","Technology",4,31.4752945502492,79,88,"No"
39,"Female","Technology",0,29.4215977165252,37,31,"No"
21,"Female","Technology",3,40.5996516702855,64,37,"No"
25,"Female","Technology",11,50.3343805808512,74,21,"No"
41,"Female","Technology",11,13.5436735858055,50,15,"No"
30,"Male","Technology",10,26.482822540188,34,51,"No"
50,"Male","Technology",7,46.4432703159502,42,28,"No"
35,"Female","Technology",9,40.2594942211421,28,15,"No"
35,"Male","Technology",6,25.3703151550404,36,75,"No"
20,"Male","Technology",8,48.2685824807389,80,16,"No"
28,"Male","Technology",4,3.86183467584047,57,100,"No"
47,"Female","Technology",12,47.5499309856292,53,63,"No"
46,"Female","Technology",14,3.52536961914033,38,90,"Yes"
25,"Female","Technology",9,28.3652372057342,41,88,"No"
35,"Male","Technology",3,45.5220474000543,27,12,"Yes"
48,"Female","Technology",7,14.1360471780651,28,71,"No"
22,"Female","Technology",8,24.6124249472579,42,55,"Yes"
39,"Male","Technology",12,17.2164439568483,2,4,"No"
47,"Female","Technology",6,48.6071958538176,9,11,"No"
46,"Female","Technology",13,42.1822797376545,58,40,"No"
23,"Male","Technology",15,36.450075566319,13,2,"No"
38,"Male","Technology",6,30.3813493307554,75,98,"Yes"
45,"Male","Technology",15,42.0295894662074,46,32,"No"
22,"Female","Technology",4,20.6133520761774,41,85,"No"
50,"Female","Technology",3,23.3775927553031,93,49,"No"
38,"Female","Technology",13,37.5000860540431,31,55,"No"
39,"Male","Technology",9,18.8877381646857,31,8,"No"
26,"Male","Technology",0,4.19504710241869,41,81,"No"
39,"Female","Technology",9,4.71673044430357,31,49,"No"
28,"Female","Technology",9,6.76814006528519,25,28,"No"
20,"Male","Technology",6,44.4840661671831,0,38,"No"
27,"Male","Technology",15,24.6113212878102,55,90,"Yes"
26,"Male","Technology",0,36.6441184672368,1,99,"No"
37,"Male","Technology",0,20.6454667802447,80,44,"No"
27,"Female","Technology",4,13.9355473707817,29,16,"No"
20,"Male","Technology",12,18.3596083781106,70,55,"No"
30,"Female","Technology",8,40.7091172658592,51,97,"Yes"
47,"Female","Technology",5,32.2608062515719,90,45,"Yes"
44,"Female","Technology",2,47.8819889978951,8,66,"No"
44,"Male","Technology",12,34.9852389288417,21,68,"No"
37,"Male","Technology",2,29.5090815877347,33,13,"No"
42,"Male","Technology",6,31.5098004492917,48,66,"Yes"
50,"Male","Technology",5,48.1185719734207,0,22,"No"
49,"Female","Technology",8,40.4100464933353,72,93,"No"
29,"Male","Technology",5,2.20206186832189,83,60,"No"
22,"Male","Technology",4,27.7069848067849,52,22,"No"
26,"Female","Technology",9,35.4169205773282,82,26,"No"
47,"Male","Technology",6,38.4349239219578,99,53,"Yes"
35,"Female","Technology",0,11.6571059656968,39,9,"No"
45,"Female","Technology",11,44.3588677225676,44,88,"No"
35,"Female","Technology",6,48.7921573587582,67,76,"No"
44,"Female","Technology",15,12.8357652922435,8,15,"No"
39,"Female","Technology",2,45.1307728758623,21,40,"No"
47,"Female","Technology",13,5.84893812580477,17,97,"Yes"
36,"Female","Technology",8,3.78534180576226,75,54,"Yes"
21,"Female","Technology",14,7.46119000513747,42,100,"Yes"
20,"Male","Technology",5,3.8870539733518,38,60,"No"
35,"Male","Technology",8,43.2506118577888,72,85,"No"
49,"Male","Technology",12,3.9525072229136,5,80,"No"
31,"Male","Technology",14,14.5832095681828,82,86,"Yes"
24,"Female","Technology",4,6.18781717679282,47,99,"Yes"
24,"Male","Technology",6,15.7711018156882,6,48,"No"
46,"Female","Technology",12,5.52797338004602,79,72,"Yes"
42,"Male","Technology",15,34.4001625371507,68,51,"No"
28,"Male","Technology",13,7.66634081712876,15,1,"No"
28,"Male","Technology",3,43.5922962919444,0,95,"No"
22,"Female","Technology",14,41.8595525363321,36,49,"Yes"
38,"Male","Technology",15,1.68308427353047,82,85,"Yes"
35,"Female","Technology",6,45.7863177757557,36,42,"No"
35,"Female","Technology",12,2.44721583716835,80,76,"Yes"
22,"Male","Technology",0,12.9822892478778,63,7,"No"
39,"Male","Technology",6,2.61945688879975,89,58,"Yes"
43,"Male","Technology",7,17.7921743519658,85,64,"Yes"
41,"Female","Technology",4,26.6933262856636,61,80,"No"
43,"Male","Technology",1,40.8322434507569,71,11,"No"
20,"Female","Technology",4,17.8990775234918,60,3,"No"
43,"Female","Technology",5,36.2745012336558,32,76,"No"
39,"Male","Technology",11,10.375222855949,65,94,"No"
30,"Male","Technology",1,38.5299228372063,29,40,"No"
36,"Female","Technology",13,12.7998302954619,19,6,"No"
27,"Female","Technology",5,8.1772377971884,59,86,"No"
23,"Female","Technology",5,10.2704425187027,81,87,"Yes"
25,"Male","Technology",0,10.1031564440928,73,68,"Yes"
27,"Female","Technology",13,26.6431439688496,23,68,"No"
39,"Male","Technology",0,43.2398790594073,3,80,"No"
49,"Female","Technology",13,4.98025384962528,36,29,"Yes"
22,"Female","Technology",10,36.3478159246711,3,72,"No"
35,"Male","Technology",15,33.7173229826429,76,5,"Yes"
49,"Female","Technology",9,44.6259975914681,88,88,"No"
44,"Male","Technology",2,13.2073780253454,76,18,"No"
22,"Male","Technology",13,23.5054929342515,17,79,"No"
44,"Female","Technology",9,47.2913687221759,87,84,"Yes"
48,"Male","Technology",9,33.9996725067659,65,65,"Yes"
37,"Male","Technology",14,20.4384206430798,47,9,"No"
33,"Female","Technology",11,7.57061914276342,32,15,"No"
37,"Male","Technology",2,14.1242503950296,57,36,"No"
21,"Male","Technology",3,30.0607738744692,82,78,"Yes"
41,"Male","Technology",1,36.9083973780257,72,76,"No"
22,"Female","Technology",8,7.22109434259467,27,76,"No"
35,"Male","Technology",9,30.9798630022027,34,31,"No"
48,"Female","Technology",11,28.5175639419375,9,46,"No"
28,"Female","Technology",10,26.6977723345354,64,71,"No"
23,"Male","Technology",13,35.5061558841004,41,42,"Yes"
20,"Male","Technology",6,42.8724797541731,84,81,"Yes"
23,"Male","Technology",6,17.1494841588434,8,35,"No"
20,"Female","Healthcare",14,45.450609505548,59,25,"No"
33,"Male","Technology",5,9.03168063092753,14,9,"No"
40,"Male","Technology",14,9.65119348755822,98,30,"Yes"
35,"Male","Technology",2,14.3386031811962,56,96,"No"
39,"Male","Technology",5,6.97654347735389,68,28,"No"
43,"Male","Technology",14,12.5159612341439,21,4,"No"
27,"Female","Technology",13,6.32058814514223,63,76,"No"
26,"Female","Technology",11,42.0876208492695,40,0,"No"
22,"Male","Technology",7,7.94844959433123,86,86,"Yes"
36,"Male","Technology",7,38.3648778779928,70,2,"No"
20,"Male","Technology",10,3.39569339566669,55,66,"No"
35,"Male","Technology",12,48.4260163756958,22,70,"No"
31,"Female","Technology",8,36.5580043763883,24,99,"Yes"
46,"Male","Technology",14,1.33982742930559,90,34,"No"
38,"Female","Technology",0,39.1928250100107,5,14,"No"
41,"Female","Technology",13,26.7040960383093,33,66,"No"
42,"Male","Technology",0,39.968258516756,62,92,"No"
41,"Female","Technology",2,27.1248404445294,8,29,"No"
33,"Female","Technology",2,33.0512428817677,59,81,"No"
49,"Female","Technology",9,40.316582769752,48,74,"No"
25,"Female","Technology",7,21.2554027293928,96,42,"No"
25,"Male","Technology",14,1.1354074910226,50,59,"No"
32,"Male","Technology",9,43.4973247972594,59,39,"Yes"
38,"Female","Technology",0,20.0445181312331,69,64,"Yes"
41,"Male","Technology",12,25.8021363008292,36,28,"Yes"
27,"Male","Technology",1,1.38833210769844,30,73,"No"
46,"Male","Technology",1,25.6046005175049,97,91,"No"
46,"Male","Technology",2,50.3243700785865,40,94,"Yes"
21,"Male","Technology",12,14.9133830409385,61,18,"No"
40,"Female","Technology",5,20.7709135121189,92,2,"No"
49,"Male","Technology",0,35.3594998234338,57,35,"No"
20,"Male","Technology",1,41.7396833761829,13,42,"No"
47,"Male","Technology",12,21.869581200305,35,14,"No"
34,"Male","Technology",15,16.4834435200646,35,96,"Yes"
20,"Female","Technology",14,47.8912899992534,78,40,"No"
24,"Female","Technology",12,34.8572483335835,7,89,"Yes"
47,"Female","Technology",15,6.95106522465705,25,79,"Yes"
48,"Female","Technology",0,4.44639390673243,35,35,"No"
35,"Male","Technology",4,25.1774925395185,47,96,"No"
38,"Female","Technology",15,12.0045033023636,84,83,"Yes"
23,"Male","Technology",12,13.6992376688127,27,76,"No"
22,"Male","Technology",12,44.8846089413924,67,32,"No"
36,"Male","Technology",6,5.47830121581553,61,4,"No"
36,"Male","Technology",15,36.7682057614445,79,100,"Yes"
31,"Male","Technology",7,14.5571126690294,85,77,"Yes"
47,"Female","Technology",9,39.0164110702069,75,90,"Yes"
49,"Female","Technology",0,37.1205692231772,79,86,"Yes"
48,"Female","Technology",6,1.36959507221465,50,13,"No"
33,"Female","Healthcare",12,26.45677064608,41,67,"Yes"
40,"Male","Technology",4,7.96597411890232,100,82,"No"
25,"Female","Technology",9,44.3113515289338,28,46,"No"
22,"Male","Technology",0,44.5792941431203,81,53,"Yes"
47,"Female","Technology",2,21.9172903746879,9,3,"No"
28,"Male","Technology",6,23.219780922554,38,93,"No"
24,"Male","Technology",9,16.1641469702264,81,82,"Yes"
43,"Female","Technology",0,36.8303149480016,0,94,"Yes"
48,"Male","Technology",6,18.933068151323,38,94,"Yes"
36,"Male","Technology",4,14.3896237261317,20,8,"No"
33,"Female","Technology",0,22.6115529752254,64,52,"No"
40,"Male","Technology",0,5.57437591937294,14,76,"Yes"
50,"Female","Technology",13,38.3301602322102,3,77,"No"
22,"Female","Technology",0,1.62982006358935,59,59,"No"
47,"Female","Technology",10,33.2242530760297,60,45,"No"
20,"Male","Technology",8,10.1432263377436,19,53,"Yes"
39,"Male","Technology",10,12.6202023107207,9,73,"No"
50,"Male","Technology",12,32.781599932002,86,94,"Yes"
48,"Female","Technology",2,50.6471732891454,33,36,"No"
40,"Male","Technology",14,39.8858744536275,47,22,"No"
42,"Female","Technology",12,12.2919816111696,32,26,"No"
20,"Female","Technology",4,9.80123775205669,97,69,"No"
22,"Male","Technology",10,44.3116435133835,60,89,"No"
37,"Female","Technology",15,23.2091973960752,9,65,"No"
44,"Male","Technology",9,7.85264014140777,53,60,"No"
29,"Male","Technology",11,44.1105711660969,83,76,"Yes"
50,"Male","Technology",15,41.8046176457131,64,50,"No"
41,"Male","Technology",8,50.1953181948582,76,49,"Yes"
45,"Male","Technology",5,46.4871843356342,0,18,"No"
22,"Female","Technology",11,43.5895169330271,4,0,"No"
27,"Female","Technology",8,3.62871989055016,79,39,"Yes"
33,"Female","Technology",7,6.2207684749059,14,31,"Yes"
43,"Male","Technology",7,29.4491597152061,27,21,"No"
37,"Male","Technology",0,27.573962314091,94,92,"No"
34,"Male","Technology",12,23.8981607244768,22,65,"No"
41,"Female","Technology",8,20.8394662707292,16,39,"Yes"
42,"Male","Technology",5,22.5605242432164,97,37,"No"
21,"Female","Technology",15,29.4648967067398,NA,47,"No"
50,"Female","Technology",8,1.10382588000406,13,54,"No"
46,"Male","Technology",2,14.0354387066426,10,74,"No"
29,"Male","Technology",11,26.9139860344356,27,80,"No"
21,"Female","Technology",2,37.1108049336823,41,54,"No"
45,"Male","Technology",5,9.70783461976982,95,50,"No"
36,"Female","Technology",8,28.3440586893716,98,59,"No"
27,"Male","Technology",6,36.7229841942891,60,7,"No"
20,"Male","Technology",13,23.2313828956952,63,85,"No"
28,"Female","Technology",12,2.35405668350255,30,67,"No"
30,"Male","Technology",2,23.4634079232818,80,74,"No"
41,"Female","Technology",2,15.8222443872077,72,71,"Yes"
35,"Male","Technology",1,47.4824803850664,9,8,"No"
26,"Female","Technology",8,7.23066928391637,7,89,"No"
48,"Female","Technology",12,33.6237977753616,20,1,"No"
29,"Male","Technology",14,3.63598831672506,76,79,"No"
42,"Female","Technology",2,23.3085218906348,58,94,"No"
45,"Male","Technology",10,28.698974361004,49,69,"Yes"
22,"Male","Technology",4,15.8977465658433,68,84,"No"
37,"Male","Technology",13,23.7537817760192,69,89,"No"
44,"Female","Technology",13,9.17768972650937,29,58,"Yes"
43,"Female","Technology",8,16.2061924734018,94,18,"Yes"
32,"Male","Technology",7,32.0553162455102,16,27,"No"
47,"Male","Technology",1,16.0900027930578,74,71,"No"
45,"Female","Technology",2,45.9871539204436,19,13,"No"
26,"Male","Technology",15,32.4203478820495,47,23,"No"
44,"Male","Finance",15,22.9324509217992,72,43,"No"
23,"Female","Technology",1,2.93784677770912,1,100,"No"
32,"Male","Technology",15,25.9774167602336,36,55,"Yes"
39,"Female","Technology",7,39.2388121062545,0,89,"No"
20,"Male","Technology",5,14.2778799006207,3,94,"Yes"
27,"Female","Technology",5,41.3386784824384,99,50,"Yes"
33,"Male","Technology",11,13.5903383025441,53,31,"No"
35,"Male","Technology",14,42.18731939754,24,49,"No"
33,"Female","Technology",8,5.26341708058387,2,40,"No"
31,"Male","Technology",7,44.3091854434515,8,65,"Yes"
38,"Female","Technology",3,25.9593225466665,85,24,"No"
42,"Male","Technology",14,15.8268794810131,86,60,"No"
34,"Female","Technology",11,14.2556625207574,75,65,"Yes"
47,"Female","Technology",3,22.6005279465181,73,41,"No"
21,"Female","Technology",8,50.9524749051822,33,64,"Yes"
21,"Female","Technology",0,12.0163696718791,42,35,"No"
42,"Male","Technology",12,6.16083244394998,73,75,"Yes"
50,"Male","Technology",1,30.2517584359331,93,8,"No"
41,"Female","Technology",1,25.4271233220129,21,35,"No"
38,"Female","Technology",12,27.2098135531654,69,91,"Yes"
44,"Female","Technology",12,34.3467708778609,1,37,"No"
45,"Male","Technology",5,14.3572034935325,93,32,"No"
50,"Male","Technology",14,46.5332497691944,65,41,"No"
49,"Male","Technology",3,22.7836033061145,31,60,"No"
48,"Male","Technology",15,7.45430975712309,15,45,"Yes"
41,"Female","Technology",12,38.1149378366972,75,85,"Yes"
45,"Female","Technology",10,33.1552176308925,0,88,"Yes"
45,"Female","Technology",9,NA,71,60,"Yes"
41,"Male","Technology",12,32.0759362017024,47,17,"No"
36,"Male","Technology",2,11.9930978184488,49,69,"Yes"
39,"Male","Technology",2,23.2419679670265,12,81,"No"
29,"Female","Technology",2,45.9706261083663,14,79,"No"
25,"Female","Technology",5,7.67671165803747,52,14,"No"
34,"Male","Technology",13,20.3348224993731,43,47,"No"
41,"Female","Technology",15,42.0571212360174,7,71,"Yes"
30,"Male","Technology",7,49.4745449703089,73,12,"No"
47,"Male","Technology",10,23.6963068210898,45,42,"No"
24,"Female","Technology",6,26.3499810071674,68,59,"No"
20,"Male","Technology",13,29.6085980891885,18,56,"No"
27,"Female","Technology",3,47.6174070816855,37,70,"Yes"
40,"Male","Technology",10,43.9103395488515,10,16,"No"
47,"Female","Technology",11,9.53005623108222,42,49,"No"
31,"Female","Technology",3,22.8378908923538,19,31,"No"
31,"Female","Technology",10,24.2000214098213,19,21,"Yes"
24,"Male","Technology",9,40.4548055824378,20,54,"No"
26,"Male","Technology",14,31.1446441302718,81,56,"Yes"
23,"Female","Technology",10,33.7110231014506,56,12,"No"
25,"Female","Technology",15,50.9099953832809,49,46,"No"
32,"Male","Technology",10,4.74800217350065,73,86,"No"
39,"Male","Technology",13,12.1504911766866,97,61,"Yes"
49,"Male","Technology",10,21.3947968685773,25,53,"No"
34,"Female","Technology",1,18.3891201524444,29,28,"No"
22,"Male","Technology",13,2.08227806734918,72,21,"No"
42,"Male","Technology",15,5.58888032355879,30,64,"Yes"
27,"Female","Technology",0,35.0476645701788,41,28,"No"
39,"Male","Technology",8,44.966223168128,67,47,"No"
35,"Male","Technology",11,26.7113505632989,60,4,"No"
32,"Male","Technology",14,27.9595539756817,60,34,"No"
37,"Female","Technology",11,13.754671641619,69,73,"No"
47,"Female","Technology",1,39.3938181816856,77,82,"No"
29,"Female","Technology",12,38.5897293683628,67,100,"No"
49,"Female","Technology",7,30.4182844608828,89,70,"Yes"
38,"Female","Technology",14,11.6332143255671,16,45,"No"
36,"Female","Technology",15,5.85091091185447,18,34,"No"
43,"Female","Technology",8,4.21192879285629,50,44,"No"
50,"Male","Technology",3,30.6348033321439,69,12,"No"
38,"Male","Technology",7,42.25176595714,62,9,"Yes"
47,"Female","Technology",8,43.9165215890462,92,65,"Yes"
45,"Male","Technology",9,24.1811037171725,74,69,"No"
42,"Male","Technology",9,40.2135649653358,79,71,"Yes"
45,"Female","Technology",4,48.3440098170512,29,99,"Yes"
24,"Male","Technology",15,14.7585056244034,24,24,"Yes"
45,"Male","Technology",12,20.8980173190379,74,43,"No"
40,"Male","Technology",13,47.573949629834,70,59,"No"
49,"Male","Technology",6,17.9115483658642,25,46,"No"
42,"Male","Technology",15,46.6938145160898,55,39,"No"
50,"Female","Technology",9,50.0522431127233,21,6,"No"
28,"Female","Technology",3,34.0905364287212,88,45,"Yes"
31,"Female","Technology",0,41.8445144752084,18,22,"No"
40,"Male","Technology",2,38.4772782110543,30,82,"No"
20,"Female","Technology",4,35.9767128807762,25,45,"No"
45,"Male","Technology",2,16.3465536490616,41,85,"No"
45,"Male","Technology",15,3.85471689539719,40,12,"No"
20,"Male","Technology",11,18.1525866259825,99,20,"Yes"
34,"Male","Technology",12,34.3467992601953,22,0,"No"
21,"Female","Technology",10,6.12645991139007,46,18,"No"
49,"Female","Technology",6,1.5958991489121,12,59,"Yes"
41,"Male","Technology",11,7.98461863014693,88,32,"No"
35,"Female","Technology",8,36.7867963205398,65,3,"No"
44,"Male","Technology",14,49.6396850828222,65,2,"No"
27,"Female","Technology",11,50.153234980741,15,90,"No"
32,"Female","Technology",5,25.6989574570094,72,51,"Yes"
40,"Male","Technology",12,44.4676150496174,27,98,"Yes"
20,"Female","Technology",9,37.8413227875752,76,27,"Yes"
35,"Male","Technology",0,26.0520118492302,34,69,"No"
48,"Female","Technology",15,29.6380266477543,40,69,"No"
26,"Male","Technology",6,7.86135733084355,76,54,"Yes"
50,"Male","Technology",14,47.8830730308296,30,56,"Yes"
24,"Female","Technology",2,18.5964885365888,84,86,"No"
41,"Female","Technology",4,23.3074628228585,31,96,"Yes"
48,"Male","Technology",15,34.5830115498949,53,15,"No"
42,"Female","Technology",9,17.6951235763277,97,23,"No"
22,"Female","Technology",3,13.7129580494465,71,68,"Yes"
31,"Male","Technology",9,32.552469663511,58,40,"No"
45,"Male","Technology",4,2.24920411409247,40,76,"No"
35,"Female","Technology",4,37.0362556013339,65,46,"No"
38,"Male","Technology",5,26.7011684938255,95,75,"No"
24,"Male","Technology",13,31.2876865260467,53,68,"No"
41,"Male","Technology",9,32.5940079623443,39,100,"No"
44,"Female","Technology",11,27.3525078246282,27,30,"No"
48,"Female","Technology",9,30.1266888720368,36,91,"No"
33,"Male","Technology",12,35.1894100444937,64,91,"No"
47,"Female","Technology",12,38.6559423589837,73,29,"No"
24,"Male","Technology",10,37.372619564306,54,17,"No"
34,"Female","Technology",5,44.4808228866131,3,43,"No"
36,"Male","Technology",15,10.4721716583701,98,26,"No"
49,"Male","Technology",7,21.0573984745899,9,98,"Yes"
33,"Female","Technology",7,48.3898033007229,46,25,"No"
49,"Male","Technology",10,20.8295287193165,74,59,"No"
39,"Female","Technology",8,7.24350384529613,13,17,"No"
24,"Female","Technology",7,27.272256318109,37,96,"No"
31,"Male","Technology",12,6.47454862772311,11,88,"No"
35,"Male","Technology",10,11.1426619363933,44,55,"No"
45,"Female","Technology",1,50.9159378285478,16,30,"No"
45,"Male","Technology",13,28.0681319198066,79,100,"No"
35,"Male","Technology",13,15.2029194520215,34,58,"No"
40,"Male","Technology",11,50.7387477286953,65,1,"No"
26,"Male","Technology",9,49.3279459277572,74,96,"Yes"
23,"Male","Technology",11,23.0369520542132,40,38,"No"
20,"Female","Technology",10,14.0201554393954,66,60,"No"
49,"Female","Technology",14,42.9199819046095,28,62,"No"
49,"Male","Technology",15,36.7810358485893,17,95,"Yes"
24,"Male","Technology",0,35.3470717501755,19,17,"No"
42,"Male","Technology",9,45.6556870661236,13,16,"No"
45,"Female","Technology",1,35.4708566935662,33,97,"No"
29,"Male","Technology",1,15.1898971520775,48,38,"No"
41,"Female","Technology",11,35.6931580937866,53,70,"No"
24,"Female","Technology",2,16.2906755641832,30,53,"No"
23,"Female","Technology",9,38.9619489828498,57,98,"Yes"
21,"Male","Technology",6,31.9873927245783,41,93,"No"
39,"Female","Technology",1,4.87057759923753,57,75,"No"
50,"Male","Technology",13,26.6417681217571,81,34,"Yes"
29,"Female","Technology",15,18.165048459787,29,10,"No"
45,"Male","Technology",0,17.4285316366147,24,60,"No"
38,"Female","Technology",15,31.1128151188629,62,43,"No"
45,"Male","Technology",13,17.1162412234712,18,67,"Yes"
20,"Female","Technology",5,39.8446874102436,71,24,"No"
43,"Male","Technology",8,4.53957180055872,91,47,"No"
24,"Male","Technology",14,34.0194126197913,7,31,"No"
32,"Male","Technology",2,41.4597401828371,94,83,"No"
23,"Male","Technology",5,34.6415844960215,2,94,"No"
35,"Female","Technology",2,25.8614597509998,66,3,"No"
43,"Female","Technology",13,48.5153506868091,85,37,"No"
35,"Male","Technology",12,15.9969244899032,80,62,"No"
42,"Female","Technology",0,1.95839437624889,99,46,"Yes"
21,"Male","Technology",13,22.599468573172,16,0,"No"
36,"Male","Technology",12,2.65059679501636,13,2,"No"
47,"Female","Technology",15,NA,8,100,"Yes"
46,"Male","Technology",11,11.4959022874026,61,85,"No"
39,"Male","Technology",4,40.446351197444,93,61,"No"
43,"Female","Technology",9,39.7286041587182,20,63,"Yes"
31,"Male","Technology",13,11.8864449841467,75,16,"Yes"
37,"Male","Technology",12,32.0613265240084,36,77,"No"
22,"Male","Technology",10,3.40394842432251,95,61,"No"
47,"Male","Technology",3,25.1787292851934,10,34,"No"
20,"Female","Technology",6,1.73235636362434,19,12,"No"
20,"Female","Technology",5,47.0571940090421,34,34,"No"
48,"Female","Technology",9,49.8043012099786,52,42,"No"
38,"Male","Technology",6,12.1141383319293,46,1,"No"
30,"Male","Technology",4,11.4053017298186,74,55,"Yes"
24,"Female","Technology",14,38.6860088281065,51,76,"No"
31,"Male","Technology",14,13.6689699414667,7,50,"No"
22,"Male","Technology",3,45.7538279580923,3,53,"No"
20,"Male","Technology",15,29.6964568061491,26,15,"No"
20,"Male","Technology",6,18.5388811505156,43,17,"No"
27,"Female","Technology",6,42.634687317471,39,6,"No"
29,"Female","Technology",5,25.6703350206698,46,44,"No"
30,"Female","Technology",7,46.5816456854238,93,35,"No"
31,"Male","Technology",3,47.400711836469,43,40,"No"
48,"Female","Technology",9,9.27100760642047,47,93,"Yes"
32,"Female","Technology",4,1.11617030659651,90,41,"No"
31,"Male","Technology",3,50.1965470071201,84,6,"No"
50,"Male","Technology",11,46.306876806374,51,14,"Yes"
33,"Female","Technology",0,3.77226178519207,83,59,"No"
21,"Female","Technology",11,42.6517131970535,67,39,"No"
48,"Female","Technology",7,23.8902466279603,10,82,"Yes"
38,"Female","Technology",0,13.9480802512488,76,36,"No"
37,"Male","Technology",4,44.9373261838465,72,65,"No"
22,"Female","Technology",14,10.8333616195154,3,54,"No"
42,"Female","Technology",5,48.3649999710033,75,76,"No"
36,"Male","Technology",5,11.2810743849671,72,94,"No"
45,"Female","Technology",12,31.6841593864372,76,79,"Yes"
27,"Male","Technology",4,12.1543167264487,47,55,"No"
48,"Male","Technology",15,28.2834332484317,25,43,"No"
45,"Male","Technology",2,35.1987564957571,76,56,"No"
29,"Female","Technology",14,10.5113965410069,38,5,"No"
45,"Female","Technology",4,27.044289135034,91,91,"No"
49,"Male","Technology",11,24.4529872195059,57,31,"Yes"
21,"Female","Technology",7,4.55187107016706,18,73,"Yes"
38,"Female","Technology",13,41.9153908837651,87,17,"No"
28,"Male","Technology",1,17.7841200321421,82,67,"No"
26,"Male","Technology",15,29.729109877594,76,72,"Yes"
23,"Female","Technology",5,26.7392117466567,76,6,"No"
45,"Male","Technology",8,26.6630252285221,57,7,"Yes"
40,"Female","Technology",7,6.36111971042437,27,63,"No"
37,"Female","Technology",13,22.1741004624666,65,6,"No"
32,"Female","Technology",10,23.6183379603285,9,40,"No"
30,"Female","Technology",7,37.6821420182224,85,39,"Yes"
48,"Male","Technology",7,43.0009415960349,76,2,"No"
43,"Male","Technology",14,28.2491139050009,57,16,"No"
23,"Male","Technology",12,5.33914770324952,72,65,"Yes"
44,"Male","Technology",6,12.8424735298273,96,78,"Yes"
40,"Female","Technology",7,9.24670134263655,13,92,"Yes"
48,"Female","Technology",12,7.23075315945624,83,51,"Yes"
44,"Male","Technology",5,19.2949649308904,14,21,"No"
23,"Female","Technology",1,12.4696751077191,95,3,"No"
29,"Female","Technology",1,11.9151555905756,32,5,"No"
24,"Female","Technology",7,3.73465872881338,16,37,"No"
28,"Male","Technology",10,1.88350223977169,23,25,"No"
43,"Male","Technology",0,6.13841213248909,29,10,"No"
22,"Male","Technology",5,9.60987397118165,61,89,"No"
36,"Female","Technology",12,22.5491864424102,12,16,"Yes"
22,"Male","Technology",15,26.5260130649422,61,87,"No"
35,"Male","Technology",5,8.02959590866828,46,91,"No"
23,"Male","Technology",15,22.2391670762093,15,98,"No"
37,"Male","Technology",10,18.0874421162964,65,30,"No"
36,"Male","Technology",3,10.1711821748978,80,76,"No"
26,"Male","Technology",11,1.34203740741818,95,34,"Yes"
43,"Female","Technology",10,24.3508933260871,42,15,"Yes"
42,"Female","Technology",12,35.28258746326,7,78,"No"
49,"Male","Technology",14,12.3138667071904,2,17,"Yes"
24,"Male","Technology",10,7.59034149483397,11,100,"No"
31,"Female","Technology",15,45.3521372223481,83,61,"Yes"
36,"Female","Technology",12,14.7512386243899,15,26,"No"
42,"Male","Technology",9,12.1806309896332,77,34,"Yes"
32,"Male","Technology",2,43.8548469804958,79,44,"No"
42,"Male","Technology",12,41.8553549583381,58,34,"No"
44,"Male","Technology",10,23.4173235262317,48,27,"No"
22,"Female","Technology",2,25.4619430713887,62,8,"No"
28,"Male","Technology",14,11.8874352417011,61,75,"No"
49,"Male","Technology",14,4.91508352397787,48,14,"No"
36,"Male","Technology",15,29.6715912677831,50,20,"No"
36,"Male","Technology",12,5.91724607951066,32,51,"No"
49,"Female","Technology",12,23.4637273478325,29,34,"Yes"
39,"Female","Technology",0,48.0248599256505,58,96,"Yes"
35,"Female","Technology",2,48.6417194585292,75,50,"No"
44,"Male","Technology",3,12.9666143273679,14,82,"No"
41,"Male","Technology",10,32.2056710022827,81,54,"No"
32,"Female","Technology",10,24.7038132053929,91,86,"No"
46,"Male","Technology",4,44.7842563793053,22,76,"No"
38,"Male","Technology",2,14.5715432138027,77,43,"No"
36,"Female","Technology",5,1.18512034162084,93,64,"No"
23,"Female","Technology",10,9.12806029657076,96,92,"Yes"
31,"Female","Technology",13,18.4761400584699,44,87,"No"
48,"Female","Technology",14,16.7860564885244,61,79,"Yes"
28,"Male","Technology",11,40.5681459561443,78,24,"No"
38,"Male","Technology",15,35.0280333069419,70,86,"Yes"
31,"Female","Technology",4,15.9778159807449,14,91,"No"
28,"Male","Technology",2,23.8871908583107,45,46,"No"
26,"Female","Technology",5,5.77795519791676,63,79,"Yes"
47,"Female","Technology",5,45.907322241005,45,55,"No"
33,"Male","Technology",14,47.7712412224267,55,37,"No"
50,"Female","Technology",13,49.9901767690469,43,10,"No"
39,"Male","Technology",7,44.4276415392919,74,66,"No"
38,"Male","Technology",1,9.69804438481128,28,14,"No"
45,"Male","Technology",0,3.30982416008144,94,0,"No"
34,"Male","Technology",15,29.9798363706337,61,6,"No"
35,"Female","Technology",3,46.6302513441555,88,0,"Yes"
40,"Male","Technology",15,9.86756808298714,51,48,"Yes"
24,"Female","Technology",6,1.35214573120709,53,95,"No"
22,"Female","Technology",14,41.2748023016122,87,72,"Yes"
31,"Female","Technology",15,4.8397842143367,56,28,"No"
44,"Female","Technology",10,21.6853015955015,82,25,"No"
39,"Male","Technology",9,34.9443668594392,65,86,"No"
46,"Male","Technology",2,12.839879272809,NA,44,"No"
40,"Female","Technology",2,5.19812817233634,19,92,"Yes"
23,"Female","Technology",15,39.5010614227914,32,96,"Yes"
40,"Male","Technology",4,32.5087542443521,71,70,"No"
42,"Female","Technology",4,50.4245242243402,24,11,"No"
35,"Male","Technology",12,18.215401665998,45,94,"Yes"
44,"Female","Technology",9,4.08811931450999,72,31,"No"
26,"Male","Technology",2,37.7175017667648,97,19,"Yes"
32,"Female","Technology",8,27.0866709426623,56,50,"No"
40,"Female","Technology",3,11.6601965694568,86,80,"Yes"
29,"Male","Technology",12,40.086449450238,4,35,"No"
45,"Female","Technology",12,11.1877742924972,54,66,"No"
26,"Female","Technology",14,14.0330827416468,60,0,"No"
33,"Male","Technology",2,5.62642771833596,88,26,"Yes"
50,"Female","Technology",10,20.9716139515427,7,39,"No"
45,"Male","Technology",1,21.9464611968709,15,96,"Yes"
24,"Male","Technology",9,26.7280895174149,47,83,"No"
22,"Female","Technology",12,36.4482133561889,60,13,"No"
42,"Female","Technology",10,46.3050464340213,14,99,"Yes"
48,"Female","Technology",8,7.88670494439043,64,68,"No"
30,"Female","Technology",3,3.71740491743285,21,86,"No"
30,"Female","Technology",15,1.92656167971666,2,78,"No"
37,"Female","Technology",2,8.18106890344081,53,5,"No"
34,"Female","Technology",6,33.8974742890813,13,32,"No"
31,"Male","Technology",7,37.3738538998248,35,54,"No"
28,"Female","Technology",10,40.3252856764061,81,18,"No"
29,"Male","Technology",13,13.1854105952171,81,76,"Yes"
45,"Female","Technology",1,16.294740663076,66,28,"No"
31,"Female","Technology",6,25.156732278275,9,60,"No"
36,"Male","Technology",11,4.15915484301132,48,69,"No"
48,"Female","Technology",4,31.5570761605623,64,78,"No"
25,"Female","Technology",14,50.1867516837879,90,79,"Yes"
26,"Male","Technology",10,19.0403155689001,56,23,"Yes"
33,"Female","Technology",4,38.6423737545692,26,22,"No"
32,"Female","Technology",2,26.0016957784804,74,9,"No"
27,"Female","Technology",4,7.39059221801914,4,53,"No"
29,"Male","Technology",11,30.1118724401293,70,40,"No"
28,"Female","Technology",1,15.9937134222032,82,48,"Yes"
37,"Female","Technology",3,2.72016042267291,56,16,"No"
46,"Female","Technology",5,32.7464865058872,92,55,"No"
45,"Female","Technology",0,43.9466174662364,14,44,"Yes"
21,"Male","Technology",9,18.2384883449937,98,29,"No"
24,"Male","Technology",3,20.5147773606385,100,43,"No"
48,"Female","Technology",5,45.5510841483606,75,73,"No"
24,"Female","Technology",8,41.6804406683678,29,54,"No"
25,"Male","Technology",13,36.7476411775889,19,18,"No"
38,"Male","Technology",10,13.4398531876574,36,28,"No"
27,"Female","Technology",15,46.5108327483322,2,1,"No"
35,"Male","Technology",10,8.72078787696065,72,35,"No"
32,"Female","Technology",12,32.3385259708611,40,18,"No"
20,"Male","Technology",1,2.44005902732594,38,6,"No"
41,"Male","Technology",10,33.1859903162473,25,25,"No"
39,"Male","Technology",6,14.857217593668,1,78,"Yes"
36,"Male","Technology",5,23.483848859186,22,37,"No"
50,"Female","Technology",1,18.2632276028527,22,2,"No"
26,"Male","Technology",7,9.6378378123105,84,79,"No"
44,"Male","Technology",6,32.0990395046937,15,65,"No"
32,"Female","Technology",10,45.0987777570304,8,94,"No"
23,"Male","Technology",4,48.9542121141202,12,91,"No"
23,"Male","Technology",11,10.6173181576958,27,70,"No"
25,"Female","Technology",4,36.8686387031487,26,93,"No"
47,"Male","Technology",6,34.2169683302841,50,42,"No"
50,"Female","Technology",8,18.1688894787286,63,61,"No"
38,"Female","Technology",10,1.95495996768629,51,70,"No"
48,"Female","Technology",14,35.4895623656433,80,99,"Yes"
31,"Female","Technology",8,48.274743027975,37,92,"No"
41,"Male","Technology",8,32.6060060957826,99,23,"No"
26,"Female","Technology",5,22.7646362093817,64,38,"No"
46,"Male","Technology",9,27.2576947055814,17,67,"Yes"
29,"Male","Technology",5,10.9814403829959,62,92,"Yes"
45,"Male","Technology",2,38.5272081876869,50,43,"No"
38,"Male","Technology",0,38.3209915004925,8,4,"No"
26,"Male","Technology",15,8.27586501937125,12,54,"Yes"
49,"Male","Technology",6,44.898919124983,39,92,"No"
22,"Male","Technology",3,14.4594869736653,54,29,"No"
32,"Male","Technology",0,50.1128030468307,78,28,"No"
32,"Male","Technology",14,20.1451507018623,42,25,"No"
37,"Male","Technology",7,9.89420293672498,43,82,"No"
47,"Female","Technology",11,18.5860055672826,67,25,"No"
49,"Female","Technology",5,23.0090164348597,32,36,"No"
45,"Female","Technology",5,4.46538865191474,23,90,"No"
39,"Male","Technology",1,29.9109190611645,35,93,"No"
47,"Female","Technology",14,30.881621993445,9,52,"No"
27,"Female","Technology",0,37.9465227674736,99,29,"No"
48,"Female","Technology",12,2.45849461453716,19,2,"No"
50,"Male","Technology",13,28.0619107216915,74,42,"No"
28,"Male","Technology",13,3.64537166353322,11,6,"No"
26,"Male","Technology",1,36.0572109983327,61,48,"No"
20,"Male","Technology",3,3.78639928504922,17,72,"No"
22,"Female","Technology",1,46.5863924170816,93,40,"No"
32,"Female","Technology",15,36.1041283442248,100,76,"Yes"
47,"Female","Technology",0,26.3694882542579,62,78,"No"
49,"Female","Technology",6,23.0751961640587,83,53,"Yes"
44,"Male","Technology",10,7.53363152066312,24,68,"No"
50,"Male","Technology",10,15.5499694782332,11,92,"No"
47,"Male","Technology",14,44.4479552510448,20,98,"No"
36,"Female","Technology",11,46.2226405781247,24,90,"No"
44,"Male","Technology",7,1.03738541852655,10,26,"No"
43,"Male","Technology",5,30.7068195738776,63,7,"No"
20,"Female","Technology",3,36.9650304512557,72,31,"No"
25,"Female","Technology",13,31.9373491228803,49,83,"Yes"
40,"Male","Technology",5,5.0839882433177,61,63,"No"
25,"Male","Technology",2,11.8862449399451,88,9,"Yes"
45,"Male","Technology",11,13.5170133690693,98,12,"Yes"
31,"Male","Technology",7,42.5862315652545,95,62,"No"
32,"Male","Technology",9,24.159971815446,48,92,"No"
32,"Male","Technology",13,25.3414105970618,13,34,"No"
48,"Female","Technology",12,47.7446523277254,0,60,"No"
34,"Female","Technology",12,32.8542944427358,80,53,"No"
40,"Female","Technology",1,45.9333850776332,24,7,"No"
35,"Male","Technology",4,23.8254427670766,58,28,"No"
41,"Female","Technology",0,8.47181292591471,71,94,"No"
40,"Male","Technology",5,47.4967797037043,68,40,"No"
30,"Male","Technology",1,23.9352557833769,4,29,"No"
47,"Female","Technology",3,10.0815710939411,98,85,"No"
24,"Male","Technology",5,16.1197870151961,18,20,"No"
23,"Male","Technology",9,3.54012948444711,22,75,"No"
22,"Female","Technology",10,24.4150295728193,8,10,"No"
38,"Female","Technology",7,43.6564085955118,93,1,"No"
39,"Female","Technology",11,47.6790228003345,49,49,"No"
44,"Male","Technology",7,47.6301103751822,15,40,"Yes"
37,"Female","Technology",10,7.26150128143734,32,65,"Yes"
34,"Female","Technology",5,20.1026941255528,1,97,"Yes"
28,"Male","Technology",3,2.41143798253532,13,2,"No"
36,"Female","Technology",7,43.7582672485736,0,79,"No"
33,"Female","Technology",12,18.9377881010637,89,50,"No"
34,"Female","Technology",7,32.5558513946117,57,67,"Yes"
50,"Male","Technology",9,36.7449219038644,88,86,"Yes"
20,"Male","Technology",13,22.4922334871578,15,83,"No"
40,"Male","Technology",0,16.3221168275122,78,24,"No"
41,"Male","Technology",15,49.1106455057972,89,29,"Yes"
41,"Female","Technology",3,49.2244112511927,46,81,"No"
22,"Male","Technology",3,15.4718184015011,43,10,"No"
35,"Male","Technology",6,24.9812548372229,79,92,"Yes"
42,"Female","Technology",15,49.6422079330011,13,16,"No"
44,"Female","Technology",13,1.24342038277516,92,25,"Yes"
30,"Female","Technology",13,21.6339124189575,23,22,"No"
31,"Male","Technology",10,6.02287748404842,54,55,"Yes"
29,"Male","Technology",6,26.4578982781301,14,51,"No"
35,"Male","Technology",15,2.23349772702436,82,47,"Yes"
27,"Female","Technology",12,21.3449215695314,71,19,"Yes"
25,"Female","Technology",10,12.0349537392668,33,1,"No"
31,"Male","Technology",14,27.665418122937,1,87,"No"
43,"Female","Technology",7,50.799682455035,26,30,"No"
47,"Female","Technology",15,41.0268052563374,73,26,"Yes"
40,"Female","Technology",10,43.2821045812211,98,1,"No"
27,"Male","Technology",4,32.763249367954,86,77,"Yes"
45,"Female","Technology",6,3.07799241361293,71,3,"No"
47,"Female","Technology",7,11.3398838022072,91,12,"No"
23,"Male","Technology",15,47.2532278223527,22,99,"Yes"
45,"Male","Technology",14,19.3056558964376,67,34,"No"
27,"Female","Technology",8,6.18183632403978,13,71,"Yes"
45,"Female","Technology",2,36.1202682933101,62,65,"No"
47,"Male","Technology",2,15.9728861967127,92,5,"No"
37,"Male","Technology",3,14.4428456452086,64,30,"No"
47,"Female","Technology",4,50.898872777913,67,9,"No"
47,"Female","Technology",9,43.9069462513327,62,20,"Yes"
24,"Female","Technology",0,21.3968909183921,95,73,"No"
28,"Female","Technology",14,50.013060390825,96,22,"Yes"
23,"Male","Technology",14,33.5056611709607,89,2,"No"
46,"Female","Technology",6,38.101122593988,80,31,"No"
41,"Female","Technology",8,2.57565215411058,86,19,"Yes"
50,"Male","Technology",7,7.08026296740285,63,73,"No"
36,"Female","Technology",14,32.6542563248119,31,28,"No"
28,"Male","Technology",14,45.9511991324742,78,51,"No"
20,"Female","Technology",4,32.1871863043798,12,45,"No"
40,"Female","Technology",13,7.70124471594959,65,33,"No"
39,"Male","Technology",13,6.78800231231623,18,100,"No"
32,"Male","Technology",3,43.2092947912041,23,83,"Yes"
47,"Female","Technology",11,7.96511693539572,87,60,"Yes"
35,"Female","Technology",6,27.0115980252013,10,71,"No"
48,"Female","Technology",4,2.85566599811511,58,70,"Yes"
32,"Male","Technology",6,5.03348836955887,85,69,"Yes"
33,"Female","Technology",11,34.6174133821432,14,10,"No"
22,"Male","Technology",0,35.4590705213758,9,81,"No"
48,"Male","Technology",0,18.0734703304221,40,92,"No"
25,"Female","Technology",15,11.7804882621522,26,88,"No"
37,"Male","Technology",9,41.6855135378654,59,62,"Yes"
38,"Female","Technology",13,11.8551614734945,72,20,"No"
24,"Female","Technology",12,28.101353483319,51,2,"Yes"
34,"Female","Technology",2,49.4104420431453,27,81,"No"
44,"Female","Technology",13,8.39262189311919,64,87,"No"
21,"Female","Technology",10,48.0438133747354,16,9,"No"
29,"Male","Technology",1,10.1446526534334,94,26,"No"
43,"Male","Technology",1,29.3721604011615,43,11,"No"
49,"Female","Technology",6,19.8503855979372,9,6,"No"
37,"Female","Technology",11,49.2464300750913,62,16,"No"
46,"Male","Technology",9,14.6771014500968,100,64,"Yes"
32,"Male","Technology",1,20.9829001042877,92,63,"Yes"
24,"Male","Technology",10,50.143005892771,81,25,"Yes"
42,"Male","Technology",3,27.8235195594237,46,14,"No"
43,"Female","Technology",1,26.1315057810627,37,32,"No"
20,"Female","Technology",5,13.8889244101996,69,61,"Yes"
41,"Male","Technology",7,36.0681780155221,75,100,"No"
20,"Female","Technology",9,1.71864758888888,52,46,"Yes"
37,"Male","Technology",15,3.47563148511468,77,94,"No"
34,"Female","Technology",3,30.9679293567901,43,34,"No"
36,"Male","Technology",14,18.0837286909227,73,64,"No"
30,"Female","Technology",4,48.665818610048,53,71,"No"
40,"Male","Technology",3,46.1595345361393,19,75,"No"
45,"Male","Technology",2,36.6853129338354,78,82,"Yes"
50,"Female","Technology",4,41.9072790563901,30,24,"No"
44,"Male","Technology",13,34.3665924833847,6,56,"No"
41,"Female","Technology",8,7.27910513550803,57,31,"Yes"
46,"Female","Technology",7,39.2771684844601,9,62,"No"
46,"Male","Technology",7,11.5095984359423,9,11,"No"
36,"Female","Technology",7,17.1721427550098,38,62,"No"
32,"Female","Technology",11,41.961710605121,27,76,"Yes"
20,"Female","Technology",7,27.8262804196724,29,91,"No"
21,"Female","Technology",6,43.9970357091705,36,0,"No"
28,"Female","Technology",7,11.6517659921632,66,50,"No"
22,"Male","Technology",10,31.3889219303444,42,69,"Yes"
50,"Female","Technology",13,5.18954862741308,78,7,"No"
20,"Female","Technology",15,33.1530496770015,84,67,"Yes"
40,"Female","Technology",7,39.1267018887767,51,4,"No"
35,"Female","Technology",12,30.2465446989361,100,88,"Yes"
42,"Female","Technology",13,14.3115750749405,55,85,"Yes"
25,"Male","Technology",7,2.56713344294334,75,91,"Yes"
47,"Female","Technology",11,6.97244419821429,67,38,"No"
36,"Male","Technology",9,32.1151489537013,8,22,"No"
24,"Male","Technology",6,47.7210108421257,91,67,"Yes"
50,"Male","Technology",11,11.3267201986003,22,51,"No"
24,"Male","Technology",0,37.7513074552549,62,3,"No"
25,"Female","Technology",3,44.3225531624521,60,46,"No"
22,"Male","Technology",12,27.0441089223756,39,20,"No"
40,"Male","Technology",12,34.4632897921829,43,100,"No"
42,"Female","Technology",15,41.7507658338074,85,55,"Yes"
24,"Female","Technology",3,14.0337578870297,23,65,"No"
40,"Female","Technology",4,15.8447837134021,50,58,"No"
24,"Male","Technology",9,1.03137583142281,57,6,"No"
29,"Female","Technology",5,49.1547065448901,89,48,"No"
29,"Female","Technology",3,46.8772447298172,93,15,"No"
38,"Male","Technology",14,39.2284131879715,32,16,"Yes"
36,"Female","Technology",1,4.95380104883241,15,83,"Yes"
40,"Female","Technology",15,23.3751444849754,21,86,"Yes"
33,"Female","Technology",5,6.09458769857764,56,97,"No"
28,"Female","Technology",14,1.79601336313993,61,74,"No"
33,"Male","Technology",7,31.8091482606299,81,33,"No"
20,"Female","Technology",14,49.0414708540094,70,32,"No"
38,"Female","Technology",7,46.1434011716075,89,25,"No"
32,"Male","Technology",6,35.8377407467702,71,65,"Yes"
32,"Female","Technology",5,5.83202920824357,69,62,"No"
23,"Male","Technology",1,14.708201883615,29,86,"No"
49,"Female","Technology",14,17.0028363442645,22,40,"Yes"
20,"Male","Technology",6,39.1575028872781,31,85,"No"
36,"Male","Technology",10,41.1124589617557,85,57,"Yes"
27,"Male","Technology",11,20.255306149496,56,97,"No"
21,"Male","Technology",13,21.8941998308805,8,78,"No"
47,"Female","Technology",15,3.22545196380857,30,9,"No"
50,"Male","Technology",13,15.456835920938,70,14,"No"
27,"Female","Technology",4,23.564258858882,8,41,"No"
26,"Male","Technology",15,6.84915231926288,12,92,"Yes"
45,"Male","Technology",5,23.6633730377511,57,56,"No"
45,"Male","Technology",9,43.65879061289,2,86,"No"
21,"Female","Technology",7,30.0660509862527,34,16,"Yes"
41,"Male","Technology",15,4.94649275192062,96,59,"Yes"
41,"Female","Technology",13,10.5835659415137,20,8,"No"
22,"Female","Technology",7,24.7272175079278,63,35,"No"
46,"Female","Technology",2,19.0743574910906,94,72,"Yes"
37,"Female","Technology",11,18.9363509773049,51,79,"Yes"
31,"Female","Technology",15,27.4633724071795,33,35,"No"
20,"Female","Technology",11,30.2197960794729,95,47,"Yes"
41,"Female","Technology",13,40.8430785138096,34,50,"No"
31,"Female","Technology",6,18.0483281731242,14,96,"No"
24,"Female","Technology",0,41.2733141520293,95,94,"No"
49,"Male","Technology",0,17.9305614556316,5,69,"No"
49,"Male","Technology",6,3.77164944706169,84,73,"Yes"
46,"Male","Technology",14,28.7093825502396,96,79,"No"
44,"Male","Technology",14,30.3951162447407,31,67,"Yes"
36,"Male","Technology",9,47.727012281093,51,21,"No"
35,"Female","Technology",8,37.3030663031237,82,76,"Yes"
50,"Female","Technology",6,46.888632624722,96,79,"Yes"
34,"Female","Technology",9,46.4173605121505,27,92,"No"
42,"Female","Technology",4,31.2287055129121,94,5,"No"
34,"Female","Technology",7,27.3881032668224,84,25,"No"
24,"Female","Technology",1,28.87204835818,97,74,"Yes"
40,"Female","Technology",8,49.9165403838624,63,87,"No"
33,"Male","Technology",5,39.6583845873479,78,92,"No"
21,"Male","Technology",12,6.31329523961979,77,2,"No"
30,"Male","Technology",8,39.92142033907,18,51,"No"
38,"Male","Technology",15,9.52690244491129,14,73,"No"
26,"Female","Technology",1,23.3675274502813,5,59,"Yes"
25,"Female","Technology",2,11.5229836088267,72,62,"No"
47,"Female","Technology",11,35.4791532766615,100,64,"Yes"
21,"Male","Technology",7,44.8654868096518,83,51,"No"
25,"Female","Technology",0,15.518094268334,97,89,"No"
37,"Female","Technology",14,5.10053706040938,37,75,"No"
21,"Female","Technology",9,15.9246549037482,25,13,"No"
37,"Male","Technology",14,34.6180928966097,81,88,"No"
49,"Female","Technology",14,17.4380063777225,91,71,"Yes"
34,"Male","Technology",14,14.9056083776902,50,67,"Yes"
46,"Male","Technology",6,10.2217595292132,72,27,"No"
38,"Male","Technology",6,25.8758213437217,95,70,"No"
50,"Male","Technology",12,14.7974414078594,52,9,"No"
21,"Female","Technology",0,37.5505174569742,55,56,"No"
39,"Male","Technology",15,4.83112009961014,58,99,"Yes"
44,"Male","Technology",8,34.2016516555659,69,65,"Yes"
25,"Female","Technology",7,12.8780007283885,77,89,"No"
20,"Female","Technology",3,25.4639630525802,91,49,"No"
43,"Male","Technology",9,15.304496101563,57,13,"Yes"
34,"Female","Technology",10,37.1384338005398,87,15,"No"
47,"Male","Technology",4,48.2653520125818,12,53,"No"
49,"Male","Technology",1,46.8538389734907,42,42,"No"
42,"Male","Technology",12,30.1713107572046,75,41,"No"
29,"Male","Technology",15,24.1305151628489,50,80,"Yes"
38,"Female","Technology",8,41.9150254719691,18,21,"Yes"
36,"Male","Technology",14,35.1663181313865,20,67,"Yes"
24,"Female","Technology",11,10.1782057108466,90,18,"No"
48,"Female","Technology",11,42.04596068065,82,65,"No"
23,"Female","Technology",5,22.4442194697355,23,38,"No"
29,"Female","Technology",2,10.4492829985588,25,72,"No"
43,"Male","Technology",11,15.0898675198246,44,18,"Yes"
36,"Female","Technology",6,14.3763515124171,27,15,"No"
29,"Male","Technology",8,26.960348730173,81,53,"Yes"
36,"Female","Technology",2,12.7185045338938,99,24,"No"
47,"Female","Technology",15,7.17832437007881,28,17,"No"
39,"Male","Technology",1,7.18454253068804,16,22,"No"
43,"Male","Technology",15,30.1638098569548,67,84,"No"
24,"Male","Technology",6,37.7379644424689,43,10,"No"
21,"Female","Technology",6,17.076650441917,60,38,"No"
25,"Female","Technology",3,2.73253549070085,92,67,"Yes"
40,"Male","Technology",10,7.36124434685054,67,24,"No"
21,"Male","Technology",8,46.7347280168529,73,62,"Yes"
32,"Male","Technology",15,25.6771829794727,24,95,"No"
49,"Male","Technology",13,23.6786404807587,94,29,"No"
30,"Female","Technology",7,2.90245891550455,66,44,"No"
30,"Male","Technology",12,37.431851115845,1,89,"Yes"
35,"Male","Technology",12,27.4034040466039,88,60,"Yes"
30,"Male","Technology",0,11.104046804326,48,99,"No"
38,"Male","Technology",0,6.50368800905286,69,50,"No"
34,"Female","Technology",4,20.1693931815999,25,97,"Yes"
44,"Male","Technology",5,42.8580982097513,71,8,"No"
42,"Female","Technology",2,44.2647279600512,98,75,"Yes"
42,"Male","Technology",12,31.1423190197818,26,1,"Yes"
35,"Male","Technology",8,37.3768213615071,88,4,"No"
50,"Female","Technology",11,6.75778937014352,17,61,"No"
30,"Male","Technology",9,30.4063032733927,53,68,"Yes"
41,"Female","Technology",13,34.3482851743591,0,51,"Yes"
35,"Female","Technology",14,11.0356421456896,60,85,"Yes"
27,"Male","Technology",5,45.0077366455129,2,4,"No"
23,"Female","Technology",3,10.749836876051,67,58,"Yes"
27,"Female","Technology",11,16.6738679923225,40,67,"No"
23,"Female","Technology",6,32.0278423511729,36,8,"No"
43,"Female","Technology",7,32.9175032565365,50,92,"Yes"
44,"Female","Technology",8,35.9692370493684,14,21,"Yes"
22,"Female","Technology",12,6.60058565341028,7,26,"No"
22,"Female","Technology",15,43.4732214964278,37,9,"No"
46,"Female","Technology",10,27.642356614163,82,79,"No"
48,"Male","Technology",5,24.5660897052534,55,60,"Yes"
37,"Male","Technology",14,50.0548812256755,46,50,"Yes"
48,"Female","Technology",5,38.018914847051,89,9,"No"
45,"Male","Technology",7,6.90030133096874,9,5,"No"
38,"Female","Technology",11,38.826958361312,77,61,"Yes"
38,"Female","Technology",4,5.76244669864347,48,4,"No"
40,"Male","Technology",13,2.37352812564924,40,69,"No"
24,"Female","Technology",2,21.1812947634949,82,62,"Yes"
37,"Female","Technology",11,50.6789086409609,29,55,"No"
47,"Female","Technology",2,9.74419680974313,4,58,"No"
29,"Female","Technology",12,34.6322171763395,94,62,"Yes"
48,"Male","Technology",5,9.66980331030597,70,88,"No"
41,"Female","Technology",1,37.2393487479193,82,58,"No"
40,"Female","Technology",15,26.2676834118913,30,50,"No"
25,"Female","Technology",5,34.9985855044688,51,49,"No"
20,"Male","Technology",15,11.1436587957117,87,3,"Yes"
24,"Female","Technology",12,38.2814166260251,97,47,"No"
28,"Male","Technology",5,50.7809529811353,22,31,"No"
31,"Male","Technology",7,34.282525031298,47,50,"No"
45,"Female","Technology",6,25.6739999036439,39,51,"Yes"
33,"Female","Technology",7,47.1586994309632,5,98,"Yes"
21,"Male","Technology",13,1.79259211159382,37,73,"No"
36,"Female","Technology",8,37.4961759642911,40,33,"No"
33,"Male","Technology",5,45.4373258406906,99,35,"Yes"
45,"Male","Technology",13,4.08372918104787,26,69,"Yes"
32,"Female","Technology",15,23.5032085207879,74,42,"No"
46,"Female","Technology",2,11.2359726974999,68,15,"No"
28,"Male","Technology",9,29.3259082793915,56,58,"No"
45,"Male","Technology",2,33.477147930183,16,52,"No"
44,"Male","Technology",15,16.1311591464378,70,18,"No"
34,"Male","Technology",10,23.999083483905,90,97,"No"
44,"Female","Technology",11,14.966974263828,46,88,"No"
41,"Female","Technology",0,19.4695582227557,78,94,"No"
34,"Female","Technology",10,8.97699783442118,12,40,"No"
43,"Female","Technology",14,45.2779721792816,10,80,"Yes"
49,"Female","Technology",12,1.50052052795682,89,46,"Yes"
30,"Male","Technology",14,45.1204593221894,85,93,"No"
50,"Female","Technology",4,29.5839439174869,91,53,"Yes"
35,"Female","Technology",13,17.5828922088509,23,54,"No"
48,"Female","Technology",3,37.1528562730165,92,94,"No"
36,"Female","Technology",8,26.3876075931332,72,18,"No"
45,"Female","Technology",14,25.9554329053803,3,61,"No"
23,"Male","Technology",8,6.50711414594832,45,98,"Yes"
20,"Male","Technology",14,20.4758012972704,17,92,"Yes"
27,"Male","Technology",13,13.0532172928368,42,58,"No"
36,"Female","Technology",4,1.78479527981398,79,64,"Yes"
22,"Male","Technology",9,19.0049815391057,32,67,"No"
48,"Male","Technology",3,5.49110647128024,92,27,"No"
39,"Female","Technology",6,13.8415018862593,9,17,"No"
34,"Female","Technology",14,5.62583105915472,72,25,"No"
34,"Female","Technology",5,6.04708127781994,58,18,"No"
50,"Male","Technology",3,10.9505647207594,30,54,"No"
43,"Male","Technology",12,50.99246222432,27,56,"Yes"
41,"Female","Technology",12,1.10920714286244,59,5,"No"
33,"Female","Technology",14,32.9336318060203,2,0,"No"
45,"Male","Technology",9,8.06218490132787,54,7,"No"
47,"Male","Technology",1,47.0314068355388,13,96,"No"
42,"Female","Technology",0,5.68164466668146,57,50,"No"
33,"Female","Technology",3,48.7531593563118,88,84,"No"
43,"Male","Technology",3,31.5463193741739,14,87,"No"
21,"Female","Technology",12,1.06340384577451,1,24,"No"
32,"Male","Technology",0,45.7003598958403,23,46,"No"
45,"Male","Technology",5,27.0855900683459,77,54,"No"
33,"Male","Technology",3,14.1334867665242,63,63,"No"
46,"Male","Technology",0,39.3639588757815,70,82,"No"
43,"Female","Technology",0,47.3332776943435,99,92,"No"
38,"Female","Technology",14,25.1845411573397,23,9,"No"
26,"Male","Technology",12,16.7776737221555,26,55,"No"
22,"Male","Technology",0,40.4472561967463,36,11,"No"
34,"Male","Technology",7,35.0892748894227,93,32,"No"
42,"Male","Technology",9,45.4376241875136,90,70,"Yes"
33,"Male","Technology",7,35.6257006380596,38,16,"No"
30,"Female","Technology",1,13.1764169449768,62,60,"No"
34,"Female","Technology",10,47.582962487951,78,9,"No"
47,"Female","Technology",12,6.24178736029957,25,30,"No"
32,"Female","Technology",6,14.3971375053424,64,59,"Yes"
37,"Male","Technology",13,27.0097303861943,3,69,"Yes"
45,"Male","Technology",7,29.2871013035451,28,16,"No"
25,"Male","Technology",7,1.76552933134527,0,49,"No"
22,"Male","Technology",10,40.028636291047,49,36,"No"
38,"Male","Technology",9,19.0803659212695,85,81,"Yes"
34,"Female","Technology",14,21.3209270501069,10,61,"No"
44,"Male","Technology",10,41.4684772218473,73,89,"Yes"
42,"Female","Technology",12,19.9641695863772,58,79,"No"
24,"Female","Technology",6,3.36124382473774,61,71,"No"
47,"Female","Technology",4,9.82198852351751,80,87,"No"
29,"Female","Technology",0,48.7951586194091,35,76,"No"
26,"Male","Technology",11,4.52026812012571,55,28,"No"
44,"Female","Technology",8,18.7465600484008,89,31,"Yes"
36,"Female","Technology",12,26.1589583525672,20,87,"No"
26,"Female","Technology",15,25.664041366928,12,79,"No"
41,"Male","Technology",6,1.19799715060714,8,10,"Yes"
45,"Male","Technology",1,26.0581365728745,10,95,"No"
49,"Male","Technology",5,20.1886228988705,74,5,"No"
31,"Female","Technology",1,49.6039667737279,69,34,"No"
44,"Female","Technology",14,8.95795419969149,0,32,"Yes"
36,"Male","Technology",0,18.7077098379748,69,17,"No"
32,"Female","Technology",13,21.974074254491,76,36,"No"
39,"Male","Technology",6,20.5346768550474,85,12,"No"
44,"Male","Technology",12,34.2915413825931,55,73,"No"
23,"Female","Technology",15,11.7756428773884,30,100,"No"
29,"Female","Technology",1,12.0535776406996,85,89,"No"
22,"Female","Technology",12,37.4605474250427,36,80,"No"
28,"Female","Technology",13,26.014525933909,46,63,"Yes"
32,"Male","Technology",13,21.7577838028655,90,0,"Yes"
37,"Male","Technology",1,9.46015258386259,77,62,"No"
34,"Male","Technology",12,10.3763611456083,46,88,"Yes"
23,"Male","Technology",10,1.52758184079503,68,33,"No"
34,"Male","Technology",4,5.57131344308546,57,9,"No"
41,"Female","Technology",13,28.8419347345121,35,83,"No"
21,"Male","Technology",4,45.5936565004205,31,6,"No"
34,"Male","Technology",15,15.3582382565279,97,55,"Yes"
27,"Male","Technology",6,17.3873612948064,63,79,"Yes"
27,"Female","Technology",0,6.78028053057561,70,36,"No"
36,"Female","Technology",7,20.4315472803551,41,28,"No"
31,"Female","Technology",2,2.86108522846646,47,11,"No"
38,"Female","Technology",3,46.880034813095,73,16,"No"
29,"Male","Technology",14,34.6555674062264,80,47,"Yes"
28,"Male","Technology",8,50.5374404696609,29,83,"No"
24,"Female","Technology",3,45.1411581339247,20,25,"No"
25,"Female","Technology",9,24.6495296849076,59,82,"No"
39,"Male","Technology",11,26.9842515575188,12,11,"Yes"
45,"Male","Technology",14,10.5288023258597,0,20,"No"
21,"Female","Technology",4,24.1019671419778,64,41,"No"
46,"Female","Technology",6,46.1513936746406,32,60,"No"
43,"Female","Technology",15,3.54267118179106,37,57,"No"
46,"Female","Technology",3,44.1778401499155,24,53,"No"
32,"Male","Technology",13,18.0473900821305,25,33,"No"
25,"Male","Technology",0,45.9756382548155,76,6,"Yes"
24,"Male","Technology",8,48.0439953170742,58,34,"No"
44,"Female","Technology",3,34.5432443500953,91,14,"No"
20,"Female","Technology",8,34.2211893296339,32,64,"No"
40,"Male","Technology",5,23.637716885437,100,89,"Yes"
41,"Male","Technology",14,42.7770112271854,40,98,"No"
40,"Male","Technology",0,49.0806379216642,29,24,"No"
25,"Male","Technology",11,39.754090016956,56,58,"No"
25,"Female","Technology",2,32.0968366878355,48,78,"No"
42,"Male","Technology",10,31.3396447910668,47,85,"No"
35,"Male","Technology",1,43.4734950791831,71,5,"No"
23,"Male","Technology",15,28.0601882885649,48,51,"No"
49,"Male","Technology",8,41.1929943124411,46,78,"Yes"
30,"Male","Technology",15,26.4442627587123,55,87,"Yes"
49,"Male","Technology",14,4.12221374869621,64,20,"No"
49,"Male","Technology",11,20.1973504452078,11,70,"No"
49,"Female","Technology",0,23.2220478835749,68,92,"No"
50,"Female","Technology",12,8.08086224933086,87,95,"Yes"
43,"Female","Technology",13,6.12481645946064,5,31,"No"
42,"Female","Technology",8,27.7732474828477,88,52,"No"
28,"Male","Technology",8,5.25718182780411,64,58,"Yes"
42,"Female","Technology",7,16.1472583945042,24,68,"No"
22,"Female","Technology",7,38.2298487981538,0,61,"Yes"
38,"Male","Technology",10,49.221608978399,31,3,"No"
50,"Male","Technology",13,36.8935290275964,2,85,"No"
27,"Female","Technology",11,50.6312774226435,48,17,"No"
24,"Female","Technology",0,35.9168985639701,18,98,"Yes"
23,"Male","Technology",10,15.6897235327164,59,80,"Yes"
43,"Female","Technology",7,34.6026270252681,28,55,"No"
50,"Male","Technology",9,36.1078382598452,49,23,"Yes"
25,"Male","Technology",13,19.586349230823,1,65,"No"
21,"Male","Technology",2,1.88569253046945,72,12,"No"
39,"Male","Technology",10,36.1599892387743,55,61,"No"
47,"Female","Technology",6,2.08500476377708,16,53,"Yes"
30,"Male","Technology",10,32.5594039030036,59,14,"No"
23,"Male","Technology",14,9.18082443712775,35,68,"No"
34,"Female","Technology",0,29.2801763874022,60,2,"No"
25,"Male","Technology",0,26.19565126903,16,36,"No"
41,"Female","Technology",15,1.67568211530913,48,36,"No"
36,"Female","Technology",9,19.1432908497552,75,100,"Yes"
49,"Female","Technology",12,31.0545583698151,59,2,"No"
43,"Male","Technology",4,43.430327594939,19,62,"No"
25,"Female","Technology",4,45.4321056918259,49,34,"No"
38,"Female","Technology",7,25.1924985016612,2,51,"No"
49,"Male","Technology",6,37.4211243649719,42,86,"No"
44,"Female","Technology",7,16.8227288266729,56,27,"Yes"
21,"Female","Technology",5,18.1093202879329,49,93,"No"
34,"Female","Technology",5,10.7231759591157,67,17,"No"
30,"Female","Technology",1,29.097405499662,80,35,"Yes"
27,"Female","Technology",5,16.7282075463683,49,32,"No"
45,"Male","Technology",4,5.21854482192525,36,63,"Yes"
38,"Female","Technology",12,35.2503043331589,45,25,"No"
32,"Female","Technology",15,36.3876603802699,41,47,"No"
31,"Male","Technology",2,18.9996209389529,14,39,"No"
24,"Male","Technology",5,4.83616997280114,32,16,"No"
25,"Male","Technology",7,22.3148858701713,79,39,"No"
45,"Female","Technology",8,23.1167729025108,10,6,"No"
41,"Male","Technology",0,34.4335442448946,19,56,"No"
23,"Female","Technology",2,16.7708195629342,23,7,"No"
38,"Female","Technology",2,35.1299639890653,63,55,"No"
39,"Male","Technology",10,44.5744270878694,79,30,"No"
20,"Male","Technology",7,12.87430211811,93,58,"Yes"
39,"Female","Technology",0,49.945977805995,97,57,"No"
36,"Male","Technology",4,20.3184068568403,64,11,"No"
31,"Female","Technology",2,14.3629342573531,87,47,"No"
34,"Male","Technology",1,22.0755591255145,87,30,"No"
20,"Male","Technology",14,5.71987379519296,72,82,"Yes"
45,"Male","Technology",7,7.28529532560578,85,62,"No"
33,"Female","Technology",2,21.7217023484166,75,73,"No"
25,"Male","Technology",6,39.122226096955,16,38,"No"
24,"Female","Technology",11,46.0156119787245,88,75,"Yes"
49,"Female","Technology",10,34.2408995358135,91,19,"No"
30,"Female","Technology",0,6.26097776190849,60,100,"Yes"
50,"Female","Technology",5,34.6009881090268,14,47,"No"
23,"Male","Technology",2,32.7713960351486,93,70,"No"
32,"Female","Technology",7,41.2881959146666,50,53,"No"
30,"Female","Technology",5,42.262433332609,26,77,"No"
22,"Male","Technology",11,44.4101537889489,85,74,"No"
20,"Female","Technology",1,21.7065757289549,73,70,"Yes"
25,"Male","Technology",5,35.8932197676072,60,28,"No"
37,"Female","Technology",6,14.4125179461155,57,73,"No"
43,"Male","Technology",4,50.9668139991752,30,92,"No"
29,"Female","Technology",2,9.766712068843,90,72,"No"
24,"Male","Technology",3,1.50572158304179,11,99,"No"
42,"Female","Technology",3,8.4404357259088,45,47,"No"
29,"Female","Technology",5,39.7936144772063,30,73,"No"
31,"Male","Technology",9,23.3391838254106,31,82,"Yes"
21,"Male","Technology",0,23.3750123905214,31,55,"No"
32,"Male","Technology",10,48.7511459805834,98,94,"Yes"
27,"Male","Technology",3,46.9817454014037,52,16,"No"
21,"Female","Technology",9,16.5597368902005,60,8,"Yes"
39,"Female","Technology",12,11.4529064390433,45,96,"No"
20,"Male","Technology",3,43.424110496687,84,33,"Yes"
50,"Female","Technology",9,46.3009535522182,73,44,"No"
24,"Male","Technology",15,28.0798461399243,79,87,"No"
28,"Male","Technology",0,32.471185555855,6,8,"No"
36,"Female","Technology",8,13.8457142346147,3,6,"No"
28,"Female","Technology",3,41.0401343989262,90,15,"Yes"
30,"Female","Technology",6,32.6061214224512,51,18,"Yes"
34,"Female","Technology",11,26.1756755648998,88,5,"No"
43,"Female","Technology",13,4.00542780391979,30,10,"No"
25,"Female","Technology",2,46.7967481255577,74,75,"Yes"
42,"Female","Technology",9,31.7725710192203,83,60,"Yes"
22,"Male","Technology",11,10.6345547346484,35,41,"No"
49,"Male","Technology",2,31.3193058491526,53,12,"No"
50,"Male","Technology",13,34.8731677119987,53,11,"Yes"
36,"Male","Technology",7,27.2885168341613,16,84,"Yes"
24,"Male","Technology",7,36.9050868978011,74,73,"Yes"
49,"Female","Technology",10,30.0726973964312,29,19,"Yes"
47,"Male","Technology",11,48.3884791016074,98,49,"No"
31,"Male","Technology",0,3.68485392996534,21,35,"Yes"
37,"Male","Technology",9,6.31228542347803,42,91,"Yes"
33,"Male","Technology",1,9.68358184771699,26,87,"Yes"
40,"Male","Technology",15,35.5085535302166,36,68,"No"
43,"Male","Technology",7,33.2797936374904,45,36,"Yes"
30,"Male","Technology",0,45.6029430104847,34,11,"Yes"
28,"Female","Technology",14,37.6438726441949,3,98,"Yes"
21,"Female","Technology",11,26.4177743782296,79,39,"No"
31,"Male","Technology",7,50.5915896231815,79,53,"Yes"
22,"Female","Technology",7,14.305397808465,84,1,"No"
22,"Female","Technology",15,42.6595829892727,25,49,"No"
20,"Female","Technology",1,22.339518609696,99,40,"No"
27,"Female","Technology",3,33.4367569437867,18,44,"No"
41,"Male","Technology",5,37.3634235226217,80,8,"Yes"
47,"Female","Technology",11,32.6877043595168,44,61,"No"
48,"Female","Technology",10,8.02536515542966,25,85,"No"
27,"Female","Technology",8,23.1475505373966,21,46,"Yes"
30,"Male","Technology",14,29.0719188966562,57,4,"No"
28,"Male","Technology",15,43.4521879589298,62,75,"No"
24,"Male","Technology",7,23.1822874399286,27,0,"No"
33,"Male","Technology",11,46.9373652402126,64,43,"No"
47,"Male","Technology",14,23.0187111512605,43,21,"No"
49,"Male","Technology",7,28.4389929631506,99,37,"No"
22,"Male","Technology",6,40.8142841471401,42,18,"Yes"
40,"Female","Technology",13,30.1533842211072,36,79,"Yes"
24,"Female","Technology",12,49.0109036191412,65,30,"Yes"
24,"Female","Technology",8,34.0167915257064,16,66,"Yes"
38,"Male","Technology",14,27.1354727033801,39,86,"No"
46,"Male","Technology",1,2.17959838903979,37,41,"No"
33,"Male","Technology",2,21.6866448790165,84,81,"No"
45,"Male","Technology",9,15.962420963008,60,25,"Yes"
49,"Male","Technology",7,38.4052833943745,8,12,"Yes"
23,"Female","Technology",13,11.4138837576773,76,57,"No"
44,"Female","Technology",5,11.2610043647036,74,17,"No"
32,"Male","Technology",9,10.4759521618688,60,66,"Yes"
29,"Male","Technology",8,7.2807806578118,79,86,"Yes"
44,"Male","Technology",9,16.5503501835444,15,2,"Yes"
37,"Male","Technology",3,45.2961057221713,1,54,"Yes"
27,"Female","Technology",15,39.7464236152978,71,88,"No"
27,"Male","Technology",7,37.7625608153397,42,90,"Yes"
26,"Male","Technology",9,40.8668402824981,41,57,"Yes"
27,"Male","Technology",2,14.4708944664786,76,62,"No"
33,"Male","Technology",2,45.3720845376244,56,90,"No"
38,"Female","Technology",7,7.86516875708022,80,51,"No"
48,"Male","Technology",4,17.8172863357791,87,88,"Yes"
25,"Male","Technology",2,30.3374059483671,66,23,"Yes"
20,"Female","Technology",9,6.14525441710003,29,71,"Yes"
42,"Female","Technology",10,37.5065093888212,12,8,"Yes"
50,"Female","Technology",15,20.3623024101737,18,36,"No"
34,"Male","Technology",0,40.22028328042,6,93,"No"
20,"Male","Technology",14,25.6448142792301,8,82,"Yes"
44,"Female","Technology",2,10.0437262212668,82,52,"Yes"
36,"Female","Technology",11,37.7380905677672,53,79,"Yes"
20,"Female","Technology",8,13.6071977919472,85,23,"No"
34,"Female","Technology",4,25.5405150634021,81,20,"Yes"
42,"Female","Technology",11,4.77666345784538,60,99,"No"
21,"Female","Technology",9,31.8933327206018,86,39,"Yes"
33,"Male","Technology",14,34.2928883108139,1,61,"No"
40,"Male","Technology",1,19.9337104986392,49,69,"No"
27,"Male","Technology",6,48.7211390160537,74,68,"Yes"
27,"Female","Technology",14,44.7084460741034,30,13,"No"
38,"Female","Technology",1,36.3970457869997,32,41,"No"
26,"Female","Technology",3,36.6826037246871,77,49,"Yes"
38,"Female","Technology",11,13.6200857471076,79,60,"No"
25,"Female","Technology",6,33.8407615544224,10,3,"Yes"
25,"Female","Technology",3,10.910313261776,32,71,"No"
22,"Male","Technology",6,8.20016119599111,6,87,"No"
26,"Male","Technology",15,50.973394710129,30,74,"No"
38,"Female","Technology",6,32.1187965736587,47,16,"No"
27,"Male","Technology",15,22.5493936328595,46,84,"Yes"
29,"Female","Technology",0,15.4082261441976,77,56,"Yes"
39,"Male","Technology",5,31.1960221831114,91,89,"Yes"
34,"Female","Technology",8,3.47967541100431,52,47,"No"
34,"Female","Technology",1,5.73404952523975,79,43,"No"
48,"Male","Technology",13,2.64283488701982,18,44,"Yes"
20,"Male","Technology",2,25.9584916631331,80,90,"Yes"
39,"Female","Technology",9,31.0303314593591,89,79,"Yes"
49,"Female","Technology",4,4.12398806789104,5,89,"Yes"
26,"Male","Technology",8,37.0612233749458,48,32,"No"
46,"Male","Technology",3,12.5197535757282,72,30,"Yes"
23,"Female","Technology",0,35.2600726884933,49,46,"No"
48,"Male","Technology",3,50.0948570017623,80,5,"Yes"
25,"Female","Technology",5,35.5552935026926,94,71,"No"
44,"Female","Technology",4,45.1596526461804,11,70,"Yes"
20,"Female","Technology",13,48.4099253371534,22,33,"Yes"
48,"Female","Technology",12,25.3375524176158,53,52,"No"
24,"Male","Technology",0,36.1162489709853,68,13,"No"
46,"Male","Technology",3,43.5984626777921,99,15,"Yes"
42,"Male","Technology",5,18.8304456437193,58,42,"No"
20,"Male","Technology",12,14.0698658280197,35,72,"Yes"
49,"Male","Technology",14,48.3299286389169,2,73,"No"
23,"Male","Technology",9,37.3151750184409,57,80,"Yes"
41,"Male","Technology",9,11.9841066687913,87,11,"Yes"
21,"Female","Technology",13,23.4541696338057,54,69,"Yes"
29,"Male","Technology",3,40.8225884768905,56,18,"Yes"
24,"Male","Technology",14,28.3531495459221,16,40,"Yes"
46,"Female","Technology",13,33.4976049082945,38,52,"Yes"
29,"Male","Technology",8,38.6884101022526,89,28,"Yes"
20,"Male","Technology",4,32.100459440449,67,69,"Yes"
41,"Female","Technology",7,28.0039660961098,54,58,"No"
25,"Male","Technology",8,38.4807142193887,44,88,"No"
32,"Male","Technology",9,37.37815177161,75,63,"No"
50,"Male","Technology",4,32.4936200091589,0,23,"Yes"
34,"Female","Technology",5,18.9894706690965,20,88,"Yes"
23,"Male","Technology",0,21.2906046100136,82,15,"Yes"
32,"Male","Technology",10,49.5219274442049,20,51,"No"
43,"Female","Technology",15,6.61929661457629,51,79,"No"
39,"Male","Technology",11,14.4252458626418,81,5,"No"
43,"Female","Technology",14,25.6200879602168,42,36,"No"
34,"Female","Technology",6,42.8364843071893,51,84,"No"
48,"Male","Technology",3,9.18378318648639,66,3,"Yes"
27,"Female","Technology",10,14.8477309062305,43,97,"No"
24,"Female","Technology",1,4.28991088976195,31,91,"Yes"
48,"Male","Technology",4,36.2992633025409,9,37,"Yes"
34,"Female","Technology",11,12.9104717737808,63,40,"Yes"
